"Data Source","World Development Indicators",

"Last Updated Date","2026-07-13",

"Country Name","Country Code","Indicator Name","Indicator Code","1960","1961","1962","1963","1964","1965","1966","1967","1968","1969","1970","1971","1972","1973","1974","1975","1976","1977","1978","1979","1980","1981","1982","1983","1984","1985","1986","1987","1988","1989","1990","1991","1992","1993","1994","1995","1996","1997","1998","1999","2000","2001","2002","2003","2004","2005","2006","2007","2008","2009","2010","2011","2012","2013","2014","2015","2016","2017","2018","2019","2020","2021","2022","2023","2024","2025",
"Aruba","ABW","Hospital beds (per 1,000 people)","SH.MED.BEDS.ZS","","","","","","","","","","","","","","","","","","","","","","","","","","","","","","","","","","","","","","","","","","","","","","","","","","","","","","","","","","","","","","","","","","",
"Africa Eastern and Southern","AFE","Hospital beds (per 1,000 people)","SH.MED.BEDS.ZS","1.97338348471491","","","","","","","","","","1.72594204776273","","","","","","","","","","","","","","","","","","","","1.01187679426614","","","","","","","","","","","","","","","","","","","","","","","","","","","","","","","","","","","",
"Afghanistan","AFG","Hospital beds (per 1,000 people)","SH.MED.BEDS.ZS","0.170626997947693","","","","","","","","","","0.199000000953674","","","","","","","","","","","0.275599986314774","","","","","","0.3091000020504","","","0.2497999966","","","","","","","","","","","","","","","","","","","","","0.45","0.46","0.46","0.46","0.44","0.45","0.42","0.4","0.38","0.33","0.36","0.36","0.35","","",
"Africa Western and Central","AFW","Hospital beds (per 1,000 people)","SH.MED.BEDS.ZS","0.786552156401981","","","","","","","","","","0.973676641757519","","","","","0.842452653067185","","","","","","","","","","","","","","","1.46872682378765","","","","","","","","","","","","","","","","","","","","","","","","","","","","","","","","","","","",
"Angola","AGO","Hospital beds (per 1,000 people)","SH.MED.BEDS.ZS","2.06146168708801","","","","","","","","","","2.72099995613098","","","","","","","","","","","","","","","","","","","","1.2913000584","","","","","","","","","","","","","","","","","","","","","","","","","","","","","0.75","","","","","","",
"Albania","ALB","Hospital beds (per 1,000 people)","SH.MED.BEDS.ZS","5.1026759147644","","","","","","","","","","","","","","","","","","","","4.27169990539551","4.18709993362427","4.16069984436035","4.08620023727417","4.13899993896484","4.13880014419556","4.06969976425171","3.97000002861023","3.93549990653992","4.13210010528564","4.0248999596","3.9986999035","4.0134000778","3.8313999176","3.0171000957","3.1900000572","3.1400001049","3.0499999523","3.0499999523","3.0299999714","3.21","3.17","3.09","3.05","3.04","3.02","3.06","3.04","3.04","2.97","2.97","2.88","2.87","2.88","2.86","2.84","2.82","2.82","2.83","2.84","2.9","","","","","",
"Andorra","AND","Hospital beds (per 1,000 people)","SH.MED.BEDS.ZS","","","","","","","","","","","","","","","","","","","","","","","","","","","","","","","","","","","","","3.1800000668","3","3.0899999142","3.2000000477","3.21","2.6","3.68","3.35","2.77","2.66","2.59","2.63","2.56","","","","","","","","","","","","","","","","","",
"Arab World","ARB","Hospital beds (per 1,000 people)","SH.MED.BEDS.ZS","1.94566668610608","","","","","","","","","","1.91429251284146","","","","","1.56764887821478","","","","","","1.70845042080801","","","","","","","","","1.76513233738466","","","","","","","","","","1.58478722647011","1.56079860734552","1.63254413093508","1.64351517643151","1.61777022331298","1.60481060921263","1.60623236503705","1.62234018257566","1.48712457686899","1.43238069946911","1.39418363511044","1.40342721408678","1.39678889933653","1.36424891748766","1.38420315720741","1.46530433523141","1.44217893566776","1.34439612706574","1.29099014015772","1.30779661961946","1.3530049526272","1.21410737535298","","","","",
"United Arab Emirates","ARE","Hospital beds (per 1,000 people)","SH.MED.BEDS.ZS","","","","","","","","","","","","","","","","","","","","","2.84949994087219","2.87509989738464","","","","","","","","","2.6400001049","","3.0604999065","","","","2.6400001049","","","","1.97","1.98","1.95","1.95","1.76","1.31","","1.48","1.4","1.37","1.27","1.26","1.29","1.25","1.29","1.43","1.39","1.46","1.6","1.83","1.91","1.88","1.87","","","",
"Argentina","ARG","Hospital beds (per 1,000 people)","SH.MED.BEDS.ZS","6.35225057601929","","","","","","","","","","5.58580017089844","","","","","","","","","","","","","","","","","","","","4.5942997932","","","4.5999999046","","","3.2899999619","","","","","","","","","","","","","","","4.38","4.58","4.77","4.84","4.95","4.94","4.99","3.69","3.69","3.19","3.34","3.36","","","",
"Armenia","ARM","Hospital beds (per 1,000 people)","SH.MED.BEDS.ZS","","","","","","","","","","","","","","","","","","","","","8.39540004730225","8.57839965820313","8.68280029296875","8.54810047149658","8.66009998321533","8.69919967651367","9.02420043945313","8.99660015106201","9.19040012359619","9.03579998016357","9.0947999954","8.529299736","8.3676996231","8.2146997452","7.765999794","7.6399998665","7.1300001144","6.75","6.6599998474","6.1999998093","6.65","5.24","4.57","4.68","4.72","4.77","4.77","4.41","4.18","4.1","4.15","4.19","4.19","4.2","4.28","4.29","4.28","4.27","4.18","4.06","4.45","4.43","4.2","4.24","","",
"American Samoa","ASM","Hospital beds (per 1,000 people)","SH.MED.BEDS.ZS","","","","","","","","","","","","","","","","","","","","","","","","","","","","","","","","","","","","","","","","","","","","","","","","","","","","","","","","","","","","","","","","","","",
"Antigua and Barbuda","ATG","Hospital beds (per 1,000 people)","SH.MED.BEDS.ZS","7.70642185211182","","","","","","","","","","6.53000020980835","","","","","","","","","","","","","","","","","","","","6.5999999046","","","6.1048002243","","","3.8800001144","","","","","","","","","","","","","","","2.14","","4","3.95","4.04","3.38","3.26","","","3.32","3.16","3.44","3.42","","",
"Australia","AUS","Hospital beds (per 1,000 people)","SH.MED.BEDS.ZS","11.1999998092651","11.3000001907349","11.3999996185303","11.6999998092651","11.8000001907349","11.8999996185303","11.8000001907349","11.8000001907349","11.8000001907349","11.6999998092651","11.6999998092651","11.6000003814697","11.8000001907349","11.8000001907349","12","11.8999996185303","11.8999996185303","12.1000003814697","12.1000003814697","12.1999998092651","12.3000001907349","12.1999998092651","12.1000003814697","11.8999996185303","11.6999998092651","10.8999996185303","","10.5","","9.80000019073486","","9.1999998093","8.8999996185","8.8999996185","8.6999998093","8.6999998093","8.5","8.3000001907","8.1999998093","7.9000000954","4.02","3.94","3.91","3.95","3.97","3.88","3.9","","3.8","3.76","3.76","3.76","3.73","3.72","3.77","3.79","3.82","","","","","","","","","",
"Austria","AUT","Hospital beds (per 1,000 people)","SH.MED.BEDS.ZS","10.8000001907349","","","","","","","","","","10.8000001907349","","","","","","","","","","11.1999998092651","","","","","10.8999996185303","10.8000001907349","10.6999998092651","10.6000003814697","10.3999996185303","10.1999998093","9.8999996185","9.6999998093","9.3999996185","9.5","9.3999996185","9.3000001907","9.1999998093","9","8.8999996185","7.95","7.85","7.81","7.73","7.73","7.69","7.66","7.75","7.69","7.68","7.65","7.67","7.67","7.64","7.58","7.54","7.42","7.37","7.27","7.19","7.05","6.91","6.7","","","",
"Azerbaijan","AZE","Hospital beds (per 1,000 people)","SH.MED.BEDS.ZS","","","","","","","","","","","","","","","","","","","","","9.74520015716553","","","","","9.89680004119873","9.84109973907471","9.88210010528564","9.96630001068115","10.204400062561","10.0992002487","10.0208997726","10.5427999496","10.4875001907","10.070599556","10.0200004578","9.8100004196","9.6099996567","9.0600004196","8.8999996185","7.64","7.48","7.36","7.23","7.19","7.15","7","6.87","6.75","6.63","4.5","4.12","4.15","4.18","4.33","4.13","4.12","3.98","3.95","3.94","4.35","4.35","3.8","3.68","","",
"Burundi","BDI","Hospital beds (per 1,000 people)","SH.MED.BEDS.ZS","1.12240731716156","","","","","","","","","","1.28059995174408","","","","","1.12320005893707","","","","","","","","","","","0.679199993610382","","","","","0.6631000042","","","","","","","","","","","","","","","","","","","","","0.99","0.71","0.69","","","","","","","","","","","",
"Belgium","BEL","Hospital beds (per 1,000 people)","SH.MED.BEDS.ZS","","","","","","","","","","","8.30000019073486","","","","","","","","","","9.39999961853027","","","","","9.10000038146973","","","","","8","7.9000000954","7.6999998093","7.6999998093","7.5999999046","","","7.1999998093","7.1999998093","7.0999999046","6.72","6.62","6.54","6.53","6.48","6.43","6.35","6.27","6.25","6.14","6.09","6.05","5.98","5.93","5.85","5.83","5.76","5.66","5.62","5.57","5.53","5.5","5.46","5.42","","",
"Benin","BEN","Hospital beds (per 1,000 people)","SH.MED.BEDS.ZS","1.22574877738953","","","","","","","","","","1.15489995479584","","","","","","","","","","1.46490001678467","1.13119995594025","","","","0.359600007534027","","","","","0.8338999748","0.5005000234","0.2231000066","0.2390999943","0.2336000055","","","","","","","","","","","","","","","","0.43","0.47","0.46","0.46","0.44","0.43","0.42","0.42","0.44","0.4","0.45","0.43","","","","",
"Burkina Faso","BFA","Hospital beds (per 1,000 people)","SH.MED.BEDS.ZS","0.523758113384247","","","","","","","","","","0.57150000333786","","","","","","","","","","","","","","","","","","","0.306400001049042","0.2992999852","","","","","1.2999999523","1.4199999571","","","","","","","","","","","","","","","","","","","","","","","","0.2","","","","","",
"Bangladesh","BGD","Hospital beds (per 1,000 people)","SH.MED.BEDS.ZS","","","","","","","","","","","0.155100002884865","","","","","","","","","","0.215800002217293","0.225199997425079","","","","0.287800014019012","","","","","0.3041999936","0.3080999851","","","0.3048999906","","","","","0.3000000119","","","","","","","","0.35","0.37","0.49","0.54","0.53","0.61","0.58","0.6","0.76","0.79","0.84","0.88","0.89","0.97","0.94","1.01","0.92","","",
"Bulgaria","BGR","Hospital beds (per 1,000 people)","SH.MED.BEDS.ZS","6.21367740631104","","","","","","","","","","","","","","","","","","","","8.85060024261475","8.85900020599365","8.88669967651367","8.87679958343506","8.96300029754639","9.11400032043457","9.45209980010986","9.56420040130615","9.56019973754883","9.70209980010986","9.7908000946","9.7681999207","10.2063999176","10.4941997528","10.196100235","10.3699998856","10.470000267","10.279999733","8.4099998474","7.4899997711","7.57","7.19","6.49","6.3","6.16","6.45","6.25","6.43","6.57","6.68","6.58","6.42","6.6","6.82","7.13","7.24","7.27","7.45","7.57","7.74","7.82","7.92","8.01","8.2","","",
"Bahrain","BHR","Hospital beds (per 1,000 people)","SH.MED.BEDS.ZS","4.71140956878662","","","","","","","","","","4.34289979934692","","","","","","","","","","3.31439995765686","","","","","","","","","3.33949995040894","","","","","","","","2.9000000954","","","2.71","2.64","2.56","2.35","2.19","2.18","2.05","1.93","1.88","1.77","1.76","2.06","2.02","2.02","1.95","1.89","1.81","1.74","1.81","1.93","1.99","2.13","1.84","","","",
"Bahamas, The","BHS","Hospital beds (per 1,000 people)","SH.MED.BEDS.ZS","5.72566366195679","","","","","","","","","","5.09359979629517","","","","","","","","","","4.4047999382019","","","","","","","","","","4","","","3.8838999271","","3.6","3.9400000572","","","","3.24","3.25","3.21","3.24","3.2","3.1","3.06","3.05","3.01","3","2.92","2.89","2.86","2.83","2.76","2.84","","2.99","2.78","2.77","2.76","2.75","2.21","2.17","","",
"Bosnia and Herzegovina","BIH","Hospital beds (per 1,000 people)","SH.MED.BEDS.ZS","","","","","","","","","","","","","","","","","","","","","4.83109998703003","4.92280006408691","4.91790008544922","4.90469980239868","4.8137001991272","4.71810007095337","4.74200010299683","4.5935001373291","4.57819986343384","4.49830007553101","4.4590997696","4.3779997826","","","","","","","3.8199999332","3.7999999523","1.95","1.92","1.93","1.93","1.98","2","2","2.03","2.05","2.17","2.26","2.3","2.33","2.27","2.35","2.37","2.39","2.39","2.39","2.35","","","","","","",
"Belarus","BLR","Hospital beds (per 1,000 people)","SH.MED.BEDS.ZS","","","","","","","","","","","","","","","","","","","","","12.5460996627808","","","","","13.0712995529175","13.2604999542236","13.4562997817993","13.3729000091553","13.5795001983643","13.2264003754","13.20470047","12.6906995773","12.4762001038","12.4638996124","12.3800001144","12.2700004578","12.3599996567","12.4200000763","12.6400003433","12.01","11.99","11.4","10.83","10.26","10.69","10.76","10.82","10.72","10.68","10.88","10.68","10.71","10.49","10.31","10.25","10.06","10","9.93","9.93","10.09","10.02","9.93","9.77","","",
"Belize","BLZ","Hospital beds (per 1,000 people)","SH.MED.BEDS.ZS","4.66776514053345","","","","","","","","","","5.40140008926392","","","","","","","","","","","","","","","","3.31680011749268","","","","2.7000000477","","","2.7999999523","","2.5","2.1300001144","","","","","","","","","","","","1.14","1.12","1.12","1.1","1.09","1.09","1.04","0.97","0.95","1.04","1.04","","0.98","1.09","1.07","1","","",
"Bermuda","BMU","Hospital beds (per 1,000 people)","SH.MED.BEDS.ZS","","","","","","","","","","","","","","","","","","","","","","","","","","","","","","","","","","","","","6.3000001907","","","","","","","","","","","","","","","","","","","","","","","","","","","","","",
"Bolivia","BOL","Hospital beds (per 1,000 people)","SH.MED.BEDS.ZS","1.84541928768158","","","","","","","","","","2.32170009613037","","","","","2.05879998207092","","","","","","","","","","","","","","","1.317800045","1.4110000134","","1.3999999762","","","1.6699999571","","","","","","","","","1.06","1.09","1.09","1.08","1.05","1.06","1.04","1.07","1.09","1.12","1.18","1.23","1.26","1.26","1.28","1.37","1.37","1.39","1.49","","",
"Brazil","BRA","Hospital beds (per 1,000 people)","SH.MED.BEDS.ZS","3.20179533958435","","","","","","","","","","3.69180011749268","","","","","4.9951000213623","","","","","","","","","","","","3.56030011177063","","","3.3452999592","","","3.5","","","3.1099998951","","","","2.81","2.78","2.59","2.42","","2.52","2.48","2.5","2.6","2.58","2.59","2.55","2.51","2.49","2.48","2.39","2.36","2.34","2.3","2.29","2.49","2.52","","","","",
"Barbados","BRB","Hospital beds (per 1,000 people)","SH.MED.BEDS.ZS","5.92977905273438","","","","","","","","","","10.2215995788574","","","","","","","","","","8.53470039367676","","","","","","","","","","8.3999996185","","","1.2676000595","","7.4","7.5599999428","","","","","","","","","","","","","","6.87","","6.45","6.45","6.03","6.01","6","6.09","6.03","5.72","5.64","6.42","6.27","6.4","","",
"Brunei Darussalam","BRN","Hospital beds (per 1,000 people)","SH.MED.BEDS.ZS","4.90243911743164","","","","","","","","","","3.50769996643066","","","","","","","","","","","2.93589997291565","2.99399995803833","","","","","","","","","","","","","","","","","","2.84","2.72","2.66","2.7","2.67","3.22","2.91","2.87","2.97","2.91","2.81","2.84","2.7","2.77","2.69","3.06","3.1","3.34","3.42","3.66","3.84","3.82","4.19","3.58","","",
"Bhutan","BTN","Hospital beds (per 1,000 people)","SH.MED.BEDS.ZS","","","","","","","","","","","","","","","","","","","","","","","","","","","1.70589995384216","","","","0.8467000127","","","","1.6147999763","","","","","1.6000000238","1.71","1.67","1.64","1.71","1.71","1.63","1.69","1.71","1.7","1.71","1.69","1.8","1.78","1.76","1.74","1.72","1.71","1.69","1.72","2.09","2.13","2.21","2.19","2.16","","",
"Botswana","BWA","Hospital beds (per 1,000 people)","SH.MED.BEDS.ZS","2.12291669845581","","","","","","","","","","","","","","","","","","","","2.36310005187988","","","","","","","","","","1.5751999617","","","","","","","","","","2.13","2.16","2.2","2.09","2.05","2.16","2.17","2.17","2.17","2.29","2.47","2.55","2.5","2.59","2.57","2.61","2.57","2.54","2.5","2.47","2.43","2.39","2.36","","","",
"Central African Republic","CAF","Hospital beds (per 1,000 people)","SH.MED.BEDS.ZS","1.23142111301422","","","","","","","","","","1.87559998035431","","","","","","","","","","1.55859994888306","","","","","","","","","","0.8731999993","","","","","","","","","","","","","","","","1.2","","","","","1","","","","","","","","","","","","","","",
"Canada","CAN","Hospital beds (per 1,000 people)","SH.MED.BEDS.ZS","6.19999980926514","","","","","","","","","","7","","","","","","6.90000009536743","6.90000009536743","6.90000009536743","6.80000019073486","6.80000019073486","6.90000009536743","6.80000019073486","6.80000019073486","6.80000019073486","6.80000019073486","6.69999980926514","6.59999990463257","6.5","6.30000019073486","6","5.8000001907","5.5","5.4000000954","","5","4.5999999046","4.4000000954","4.1999998093","3.9000000954","3.75","3.66","3.62","3.48","3.42","3.08","3","2.95","2.83","2.79","2.77","2.78","2.77","2.7","2.66","2.6","2.58","2.51","2.54","2.51","2.54","2.57","2.54","","","",
"Central Europe and the Baltics","CEB","Hospital beds (per 1,000 people)","SH.MED.BEDS.ZS","","","","","","","","","","","","","","","","","","","","","8.03024521070742","","","","","8.2004950903895","","","","","8.11984050401736","8.03882876474436","7.67228575673474","7.64288605831753","7.63067159676446","7.23868869955943","7.26824655678557","7.0230654493653","6.7973288388091","6.61653067869634","","","","6.90077093929372","6.85106949153346","6.81024659089744","6.76756574349429","6.64781844276609","6.71948853098187","6.72345275352998","6.6295070052994","6.57006077262744","6.56016665875425","6.54282894414025","6.56497127511358","6.56699828752475","6.56675011351178","6.58113089462679","6.5501385149221","6.43946762011969","6.42259913290384","6.47044523690521","6.37761711280486","","","",
"Switzerland","CHE","Hospital beds (per 1,000 people)","SH.MED.BEDS.ZS","","","","","","","","","","","","","","","","","","","","","","","","","","","","","","","","19.8999996185","","","","","","","","","6.29","6.04","5.95","5.83","5.67","5.54","5.4","5.36","5.22","5.11","5.19","5.05","4.97","4.85","4.73","4.73","4.69","4.65","4.63","4.59","4.48","4.43","4.41","4.38","","",
"Channel Islands","CHI","Hospital beds (per 1,000 people)","SH.MED.BEDS.ZS","11.1538457870483","","","","","","","","","","11.2250003814697","","","","","","","","","","10.6512002944946","10.595100402832","","","","","","","","","","","","","","","","","","","","","","","","","","","","","","","","","","","","","","","","","","","","",
"Chile","CHL","Hospital beds (per 1,000 people)","SH.MED.BEDS.ZS","3.6742901802063","","","","","","","","","","3.77640008926392","","","","","","","","","","3.40639996528625","","","","","","","","","3.17670011520386","3.1586000919","","","3.0999999046","","","2.6700000763","","","","2.7","2.59","2.52","2.48","2.38","2.29","2.31","2.27","2.26","2.25","2.03","2.21","2.16","2.16","2.11","2.13","2.11","2.09","2.05","2.02","2.02","1.98","1.95","1.94","","",
"China","CHN","Hospital beds (per 1,000 people)","SH.MED.BEDS.ZS","","","","","","1.44000005722046","1.51999998092651","1.5","1.45000004768372","1.45000004768372","1.53999996185303","1.58000004291534","1.71000003814697","1.76999998092651","1.85000002384186","1.91999995708466","2","2.0699999332428","2.14000010490417","2.20000004768372","2.23000001907349","2.25","2.25999999046326","2.28999996185303","2.32999992370605","2.36999988555908","2.40000009536743","2.48000001907349","2.53999996185303","2.55999994277954","2.5799999237","2.5999999046","2.6199998856","2.6300001144","2.6300001144","2.6099998951","2.5499999523","2.5499999523","2.5299999714","2.5199999809","1.71","1.69","1.73","1.75","1.82","1.87","1.94","2.02","2.16","2.32","2.51","2.72","3.04","3.32","3.57","3.82","4.05","4.33","4.59","4.82","5","5.2","5.38","5.63","","",
"Cote d'Ivoire","CIV","Hospital beds (per 1,000 people)","SH.MED.BEDS.ZS","1.34876954555511","","","","","","","","","","1.15610003471375","","","","","","","","","","","","","","","","","","","0.828499972820282","0.8116000295","","","","","","","","","","","","","","","","0.4","","","","","","","","","","","","","","","","","","","",
"Cameroon","CMR","Hospital beds (per 1,000 people)","SH.MED.BEDS.ZS","2.00226593017578","","","","","","","","","","1.75150001049042","","","","","2.46589994430542","","","","","","","","","","","","","","2.59829998016357","2.5532999039","","","","","","","","","","","","","","","","","","","","","","","","","","2.65","","","","","","","","","",
"Congo, Dem. Rep.","COD","Hospital beds (per 1,000 people)","SH.MED.BEDS.ZS","5.67403650283813","","","","","","","","","","3.32340002059937","","","","","3.22530007362366","","","","","","","","","","","","1.59309995174408","","","1.4268000126","","","","","","","","","","","","","","","","0.8","","","","","","","","","","","","","","","","","","","",
"Congo, Rep.","COG","Hospital beds (per 1,000 people)","SH.MED.BEDS.ZS","3.75708508491516","","","","","","","","","","4.38719987869263","","","","","","","","","","","","","","","","","","","","3.3499999046","","","","","","","","","","","","","","","1.6","","","","","","","","","","","","","","","","","","","","",
"Colombia","COL","Hospital beds (per 1,000 people)","SH.MED.BEDS.ZS","2.57554721832275","","","","","","","","","","2.09730005264282","","","","","","","","","","1.56410002708435","","","","","","","","","1.25109994411469","1.3667000532","","","1.2999999523","","","1.4600000381","","","","","","","","","","","","","","1.51","1.49","1.52","1.58","1.63","1.65","1.72","1.74","1.73","1.75","1.7","","","","","",
"Comoros","COM","Hospital beds (per 1,000 people)","SH.MED.BEDS.ZS","","","","","","","","","","","","","","","","","","","","","","","","","","","","","","3.12490010261536","2.7616000175","","","","","","","","","","","","","","","","2.2","","","","2.16","","","","","","","","","","","","","","","",
"Cabo Verde","CPV","Hospital beds (per 1,000 people)","SH.MED.BEDS.ZS","","","","","","","","","","","1.40820002555847","","","","","","","","","","2.1868999004364","","","","","","","","1.59769999980927","","","","1.5830999613","","","","","","","","","","","","2.07","2.02","2.01","2.05","","2","2.03","2.11","2.19","2.09","2.05","2.08","2.07","2.1","2.19","2.14","","","2.21","","","",
"Costa Rica","CRI","Hospital beds (per 1,000 people)","SH.MED.BEDS.ZS","4.7907772064209","","","","","","","","","","3.93959999084473","","","","","","","","","","3.31439995765686","","","","","","","","","","2.5","","","","1.793900013","1.7799999714","1.75","1.7100000381","1.6799999475","","1.62","1.58","1.55","1.52","1.48","1.33","1.3","1.29","1.24","1.23","1.23","1.22","1.2","1.18","1.17","1.16","1.16","1.15","1.12","1.11","1.17","1.2","1.14","","","",
"Caribbean small states","CSS","Hospital beds (per 1,000 people)","SH.MED.BEDS.ZS","5.61996665431886","","","","","","","","","","5.55754847124978","","","","","","","","","","","","","","","","","","","","4.82053086649714","","","3.39067922273342","","3.79576441185266","4.40442548742184","","","","","","","","","","","","","","2.70515313521536","","2.72768968789482","2.68050038260255","2.78707825439499","2.64190670510415","2.64407221243361","2.58291096748087","2.57266074632403","2.60466923308805","2.47798537909965","2.51565203753287","2.50536397090705","2.80436839306339","","",
"Cuba","CUB","Hospital beds (per 1,000 people)","SH.MED.BEDS.ZS","4.36649942398071","","","","","","","","","","4.63240003585815","","","","","","","","","","","","","","","","","","","","5.4211997986","","","6","","","5.1300001144","","","","5.29","5.1","5","4.94","4.93","4.87","4.86","4.85","4.63","4.56","4.56","4.04","4.04","4.04","4.03","4.07","4.15","4.17","4.19","4.21","4.23","4.27","4.32","4.33","","",
"Curacao","CUW","Hospital beds (per 1,000 people)","SH.MED.BEDS.ZS","","","","","","","","","","","","","","","","","","","","","","","","","","","","","","","","","","","","","","","","","","","","","","","","","","","","","","","","","","","","","","","","","","",
"Cayman Islands","CYM","Hospital beds (per 1,000 people)","SH.MED.BEDS.ZS","","","","","","","","","","","","","","","","","","","","","","","","","","","","","","","3","","","","","","","","","","","","","","","","","","","","","","","","","","","","","","","","","","","",
"Cyprus","CYP","Hospital beds (per 1,000 people)","SH.MED.BEDS.ZS","4.52356004714966","","","","","","","","","","5.38210010528564","","","","","","","","","","5.65299987792969","5.72009992599487","","","","","","","","5.08640003204346","","","","","","","","","","","3.31","","","","","2.74","2.71","2.72","2.73","2.74","2.62","2.61","2.57","2.48","2.42","2.37","2.36","2.26","2.18","2.13","2.17","2.13","2.15","","","",
"Czechia","CZE","Hospital beds (per 1,000 people)","SH.MED.BEDS.ZS","","","","","","","","","","","","","","","","","","","","","11.3000001907349","","","","","11.3999996185303","","","","","11.3000001907","11.1000003815","10.6999998093","10.3999996185","10.1999998093","","","","","","7.81","7.76","7.73","7.69","7.6","7.52","7.4","7.3","7.22","7.16","7.35","7.11","6.98","6.75","6.73","6.73","6.73","6.71","6.72","6.7","6.63","6.65","6.54","","","",
"Germany","DEU","Hospital beds (per 1,000 people)","SH.MED.BEDS.ZS","10.5","","","","","","","","","","11.3000001907349","","","","","","","","","","11.5","","","","","11","","","","","10.3999996185","10.1000003815","9.8999996185","9.6999998093","9.6999998093","9.6999998093","9.6000003815","9.3999996185","9.3000001907","9.1999998093","9.16","9.06","8.92","8.79","8.62","8.51","8.37","8.34","8.31","8.34","8.34","8.32","8.29","8.24","8.19","8.09","8.02","7.96","7.94","7.87","7.77","7.71","7.64","7.55","","",
"Djibouti","DJI","Hospital beds (per 1,000 people)","SH.MED.BEDS.ZS","7.83132553100586","","","","","","","","","","6.07740020751953","","","","","","","","","","","3.61050009727478","","","","","","","","","2.5397000313","","","","","","","","","","","","","","","","","","","","","","1.1","1.07","1.18","1.26","1.44","1.42","1.4","","","","","","","",
"Dominica","DMA","Hospital beds (per 1,000 people)","SH.MED.BEDS.ZS","4.54394674301147","","","","","","","","","","4.4443998336792","","","","","","","","","","","","","","","","","","","","3","","","2.5938999653","","3.6","2.6500000954","","","","","","","","","","","","","","","4","3.99","3.96","3.92","3.68","3.72","3.37","3.23","3.18","3.2","3.21","3.95","3.97","","",
"Denmark","DNK","Hospital beds (per 1,000 people)","SH.MED.BEDS.ZS","","","","","","","","","","","8.10000038146973","","8.39999961853027","8.30000019073486","8.5","8.5","8.60000038146973","8.39999961853027","8.5","8.19999980926514","8.10000038146973","7.80000019073486","7.69999980926514","7.40000009536743","7.09999990463257","7","6.90000009536743","6.19999980926514","6","5.80000019073486","5.5999999046","5.4000000954","5.0999999046","5","5","4.9000000954","4.6999998093","4.5999999046","4.5","4.3000001907","4.29","4.22","4.29","4.13","3.97","3.86","3.79","3.69","3.57","3.49","3.5","3.13","","3.07","","2.53","2.6","2.61","2.61","2.59","2.59","2.51","2.48","2.43","","",
"Dominican Republic","DOM","Hospital beds (per 1,000 people)","SH.MED.BEDS.ZS","2.32869076728821","","","","","","","","","","2.63940000534058","","","","","2.50149989128113","","","","","","","","","","","","","","","1.8812999725","","","2","","","1.5","","","","","","","","","","","1.2","1.58","1.45","1.6","1.58","1.73","1.72","1.52","1.51","1.37","1.48","1.24","1.25","1.42","1.51","1.51","0.75","","",
"Algeria","DZA","Hospital beds (per 1,000 people)","SH.MED.BEDS.ZS","3.18740749359131","","","","","","","","","","2.84249997138977","","","","","","","","","","","","","","","","2.48839998245239","","2.62899994850159","2.56439995765686","2.4993000031","","","","2.1031999588","","","","2.0999999046","","1.77","1.75","1.74","1.77","1.81","","1.71","","1.74","1.74","1.71","1.68","1.66","1.65","1.64","1.62","1.6","1.61","","","","","","","","",
"East Asia & Pacific (excluding high income)","EAP","Hospital beds (per 1,000 people)","SH.MED.BEDS.ZS","","","","","","1.44000005722046","1.51999998092651","1.5","1.45000004768372","1.45000004768372","1.43899604922167","1.58000004291534","1.71000003814697","1.76999998092651","1.85000002384186","1.77908471560629","1.98710902135848","2.0699999332428","2.14000010490417","2.20000004768372","2.22252404248615","2.29376795967356","2.23384637024181","2.26208045021849","2.30811660969313","2.11823066911057","2.36542115183934","2.47996895424201","2.53728791993893","2.35198661774478","2.27539782921841","2.26960648588031","2.27519549185209","2.28847233335513","2.34643698127061","2.57228810446706","2.54090834587836","2.49991978104932","2.25102560267727","2.50488486179044","1.55009253918126","1.53391611285081","1.55475820286567","1.55095225004277","1.59902310854714","1.62811720398411","1.68772024835429","1.75025601452302","1.86117948701006","1.950917224657","2.2388204036595","2.25817782339998","2.64451541207746","2.70345828799144","2.88429587664921","3.04855552822148","3.22522421045267","3.42509733546169","3.76391143746845","3.82077740554924","3.99853556998185","4.22110167099291","4.56788522292987","4.73070700615744","","",
"Early-demographic dividend","EAR","Hospital beds (per 1,000 people)","SH.MED.BEDS.ZS","0.929845750754687","","","","","","","","","","0.965171167025185","","","","","0.89120386793221","","","","","1.03350706184223","","","","","1.10240727131673","","","","","","1.08924291441637","","","","","","","","","1.74024205757783","1.6938571257533","1.73001744010134","1.66474475685196","1.67055200310319","1.60564829960505","1.59431254262091","1.50842030561176","1.46367027229552","1.46079392489451","1.45340260921814","1.45990340274848","1.48591465386274","1.48606152206828","1.46921707341682","1.47408939461137","1.45438865985611","1.49134297614629","1.48869452099708","1.47493671301177","1.49805691103526","1.55814766055539","","","","",
"East Asia & Pacific","EAS","Hospital beds (per 1,000 people)","SH.MED.BEDS.ZS","","","","","","","","","","","2.54956065104871","","","","","1.91508396382032","2.12791765550308","","","","3.32715162566121","2.43805536360855","2.38262867227531","2.4114835413043","2.45458570238194","3.28265104989354","2.39631343466293","","","2.48350426461693","2.3381997139632","2.41829010009186","2.42624593750452","3.43189939661718","3.52388328849756","3.8019237656615","3.80351367114734","3.71077931966665","3.38591868806351","3.70034224492673","2.51691508335149","2.48587663442379","2.49206810366002","2.46396595601405","2.50443546476782","2.5213660007868","2.58379923452339","2.63466664790671","2.73787949674109","2.82344714472743","3.06990283631759","3.10820125146789","3.45424181923931","3.51575723204262","3.6891093725598","3.82518927658669","3.99121085943343","4.17247444442441","4.49575172837371","4.54711009993475","4.70403380537013","4.92243452516751","5.27344041877921","4.71791978451013","","",
"Europe & Central Asia (excluding high income)","ECA","Hospital beds (per 1,000 people)","SH.MED.BEDS.ZS","","","","","","","","","","","","","","","","","","","","","8.6488048094407","","","","","9.04199784511385","9.08344091552012","9.09429079827405","9.12294172881173","9.15674258380242","9.23527620695644","9.04270003661038","9.01509944999882","8.69859906847431","8.33342495352476","7.9810369433207","7.38205664594274","6.62496514674862","6.27338882078103","6.09673856621433","","","5.61900154481839","5.57471121267007","5.47515504076999","5.44873585459746","5.44100793243858","5.37745203806273","5.34818937912989","5.46274246833483","5.37780104154607","5.20674725369074","5.12740036700352","5.01277741367056","4.70376442021781","4.64008180965362","4.55536922420542","4.52745339858385","4.55053662615104","4.49927027652523","4.65934989220088","4.40376876650331","4.48830522716508","4.02111025360529","","",
"Europe & Central Asia","ECS","Hospital beds (per 1,000 people)","SH.MED.BEDS.ZS","","","","","","","","","","","","","","","","","","","","","9.14027115404794","","","","","9.57544947976384","9.65517914618155","9.63667304562749","9.60424359778828","9.54759547460024","9.1512137717418","9.01463253600271","8.68606604099141","8.50987927287583","8.31261403420853","8.11671774994749","7.89064997367619","7.52966602025111","7.28507817106777","7.08114086878086","7.38749745298097","7.28405762325794","6.7758375240635","6.64021830471823","6.45876929850392","6.37002081269882","6.28573544782244","6.18861774776361","6.1002635206482","6.04128396732007","5.91231801463796","5.79161825125151","5.72832277907235","5.60853491105406","5.48271345281049","5.37279450702783","5.29711532711788","5.24238702763104","5.21128704147218","5.13962980947583","5.15785937884561","5.07894870037742","5.03585610927478","","","",
"Ecuador","ECU","Hospital beds (per 1,000 people)","SH.MED.BEDS.ZS","1.87069153785706","","","","","","","","","","2.34910011291504","","","","","2.54629993438721","","","","","1.90719997882843","","","","","","","","","","1.6440999508","","","1.6000000238","","","1.5499999523","","","","1.54","1.56","1.5","1.39","1.56","1.54","1.42","1.43","1.62","1.51","1.58","1.6","1.49","1.5","1.54","1.52","1.38","1.4","1.4","1.39","1.32","1.31","1.31","1.32","","",
"Egypt, Arab Rep.","EGY","Hospital beds (per 1,000 people)","SH.MED.BEDS.ZS","2.14697933197021","","","","","","","","","","2.18050003051758","","","","","2.03660011291504","","","","","2.02629995346069","2.07220005989075","","","","","2.08570003509521","","2.12470006942749","2.01990008354187","2.0708999634","2.0241999626","2.0004000664","1.9292999506","","","2.0999999046","2.0999999046","","","1.92","1.92","1.9","1.9","1.92","1.88","2.08","1.82","1.59","1.48","1.4","1.4","1.38","1.37","1.34","1.25","1.25","1.27","1.24","1.19","1.11","1.06","","","","",
"Euro area","EMU","Hospital beds (per 1,000 people)","SH.MED.BEDS.ZS","","","","","","","","","","","","","","","","","","","","","9.86526699123701","","","","","9.05133843925048","","","","","8.27034511564831","8.0549672537339","7.94407564933604","7.79663872983657","7.6894709385463","7.56749025193023","7.56122702298603","7.29464354685397","7.09295282673665","6.88170394582449","6.69800308357879","6.59137213075501","6.44856913524143","6.29325558757836","6.16490021877699","6.07901078161764","5.98463979749573","5.93071097967785","5.84535974672353","5.73115435046421","5.63047702655514","5.55026003793128","5.50288943539858","5.44228310204026","5.39779434568873","5.35842358676084","5.3126299406169","5.2732377791639","5.23466639746355","5.18375507155526","5.12326548346851","5.07937653460763","4.99611152966589","","","",
"Eritrea","ERI","Hospital beds (per 1,000 people)","SH.MED.BEDS.ZS","","","","","","","","","","","","","","","","","","","","","","","","","","","","","","","","","","","","","","","","","","","","1.57","1.61","1.48","1.43","1.47","1.4","1.4","1.27","1.33","1.29","1.25","1.24","1.23","1.23","1.23","1.16","1.09","1.08","1.06","1.04","1.02","","",
"Spain","ESP","Hospital beds (per 1,000 people)","SH.MED.BEDS.ZS","","","","","","","","","","","4.69999980926514","","","","","","","","","5.5","5.40000009536743","5.40000009536743","5.40000009536743","5.19999980926514","5","4.90000009536743","4.80000019073486","4.80000019073486","4.69999980926514","4.69999980926514","4.5999999046","4.5999999046","4.5","4.4000000954","4.4000000954","4.3000001907","4.3000001907","4.1999998093","4.1999998093","4.0999999046","3.61","3.55","3.5","3.41","3.37","3.32","3.27","3.23","3.18","3.14","3.09","3.03","2.98","2.95","2.95","2.96","2.95","2.96","2.95","2.93","2.94","2.94","2.94","2.91","","",
"Estonia","EST","Hospital beds (per 1,000 people)","SH.MED.BEDS.ZS","","","","","","","","","","","","","","","","","","","","","12.1850996017456","","","","","12.2743997573853","12.2651996612549","12.1365003585815","12.0267000198364","11.9308004379272","11.6106004715","11.2891998291","9.6816997528","9.622300148","8.5613002777","8.3500003815","7.9000000954","7.7100000381","7.5799999237","7.5300002098","7.04","6.6","5.98","5.73","5.64","5.38","5.55","5.48","5.63","5.37","5.27","5.36","5.53","4.9","4.9","4.82","4.69","4.61","4.53","4.53","4.46","4.39","4.19","4.13","","",
"Ethiopia","ETH","Hospital beds (per 1,000 people)","SH.MED.BEDS.ZS","0.29423388838768","","","","","","","","","","0.285199999809265","","","","","0.285699993371964","","","","","0.295500010251999","","","","","","","","","","0.2415000051","","","","","","","","","","","","","","","","","","0.2","","","","","","","","0.33","","","","","","","","","",
"European Union","EUU","Hospital beds (per 1,000 people)","SH.MED.BEDS.ZS","","","","","","","","","","","","","","","","","","","","","9.52075961501398","","","","","8.87818880285892","","","","","8.19708611699467","8.00795679875996","7.74708206327978","7.60934603767473","7.54281379538623","7.30986907287725","7.29029985372964","7.06211036625488","6.86029621903553","6.66928951831218","6.72697679996213","6.62341818805875","6.48346383163707","6.32896421297892","6.22374028463063","6.14292686670193","6.06096027662733","5.9832654536737","5.92916862513403","5.84318322860162","5.74583113959742","5.66532711086301","5.65473663514614","5.56852696260727","5.56389680088251","5.49504000879076","5.45748244567156","5.42314330135206","5.38292898356978","5.31159208712892","5.26061701494458","5.23136374722516","5.14333478552798","","","",
"Finland","FIN","Hospital beds (per 1,000 people)","SH.MED.BEDS.ZS","","","","","","","","","","","15.1000003814697","","","","","","","","","","15.6000003814697","","","","","14","","","","","12.5","11.1999998093","11","10","10","9.3000001907","9.1999998093","7.9000000954","7.8000001907","7.5999999046","7.54","7.46","7.35","7.24","7.1","7.05","6.99","6.73","6.57","6.25","5.86","5.53","5.29","4.86","4.53","4.28","3.97","3.75","3.61","3.35","2.75","2.76","2.61","","","",
"Fiji","FJI","Hospital beds (per 1,000 people)","SH.MED.BEDS.ZS","4.04060935974121","","","","","","","","","","2.90960001945496","","","","","3.33330011367798","","","","","2.81389999389648","2.74609994888306","","","","","","","","","","","","","","","","","","2.6","","","","","","2.05","1.93","1.92","1.93","2.19","2.19","1.9","","1.92","1.88","1.88","1.89","1.89","","","","","","","","",
"France","FRA","Hospital beds (per 1,000 people)","SH.MED.BEDS.ZS","","","","","","","","","","","","","","","10.5","10.6000003814697","10.6000003814697","10.8000001907349","10.8999996185303","11.1000003814697","11.1000003814697","11.1000003814697","11","10.8000001907349","10.6999998092651","10.5","10.3000001907349","10.1999998092651","10.1000003814697","9.89999961853027","9.6999998093","9.6000003815","9.3999996185","9.3000001907","9.1000003815","8.8999996185","8.8000001907","8.6000003815","8.3999996185","8.3000001907","8.14","8","7.88","7.71","7.55","7.39","7.27","7.22","7.06","6.81","6.57","6.5","6.48","6.41","6.35","6.28","6.21","6.12","6.04","5.96","5.86","5.77","5.65","","","",
"Faroe Islands","FRO","Hospital beds (per 1,000 people)","SH.MED.BEDS.ZS","","","","","","","","","","","","","","","","","","","","","","","","","","","","","","","","","","","","","","","","","","","","","","","","","","","","","","","","","","","","","","","","","","",
"Micronesia, Fed. Sts.","FSM","Hospital beds (per 1,000 people)","SH.MED.BEDS.ZS","","","","","","","","","","","","","","","","","","","","","","","","","","","","","","3.4672999382019","","","","","","","","","","","","","","","","","","","","3.22","","","","","","","","","","","","","","","","",
"Gabon","GAB","Hospital beds (per 1,000 people)","SH.MED.BEDS.ZS","5.71399164199829","","","","","","","","","","9.91069984436035","","","","","","","","","","","","","","","1.55200004577637","","","","","3.1937999725","","","","","","","","","","","","","","","","","","","","","1.95","","","","","","","","","","","","","","",
"United Kingdom","GBR","Hospital beds (per 1,000 people)","SH.MED.BEDS.ZS","10.6999998092651","","","","","","","","","","9.60000038146973","","","","","","","","","","8.10000038146973","","","","","7.40000009536743","","","","","5.9000000954","5.5999999046","5.4000000954","5.0999999046","4.8000001907","4.8000001907","4.5999999046","4.5999999046","4.4000000954","4.1999998093","4.07","4.03","3.97","3.94","3.85","3.71","3.53","3.38","3.32","3.25","2.92","2.87","2.8","2.75","2.72","2.6","2.56","2.53","2.48","2.44","2.42","2.41","2.42","","","",
"Georgia","GEO","Hospital beds (per 1,000 people)","SH.MED.BEDS.ZS","","","","","","","","","","","","","","","","","","","","","10.1708002090454","","","","","9.9734001159668","10.0150003433228","10.1073999404907","9.99349975585938","9.99569988250732","9.7974996567","9.7981004715","10.0087003708","9.3910999298","9.6758003235","7.6599998474","5.6700000763","5.8600001335","5.7100000381","5.6900000572","4.91","4.64","4.43","4.44","4.39","4.25","4.12","3.67","3.57","3.48","3.43","3.26","2.96","3.05","3.08","3.38","3.64","3.98","4.22","4.61","4.9","5.44","4.72","4.04","","",
"Ghana","GHA","Hospital beds (per 1,000 people)","SH.MED.BEDS.ZS","0.779893696308136","","","","","","","","","","1.32280004024506","","","","","1.25080001354218","","","","","","","","","","1.56700003147125","","","","","1.4600000381","","","","","","","","","","","","","","","","","","","","0.7","0.68","0.72","0.73","0.71","0.69","","","","","","","","","","",
"Gibraltar","GIB","Hospital beds (per 1,000 people)","SH.MED.BEDS.ZS","","","","","","","","","","","","","","","","","","","","","","","","","","","","","","","","","","","","","","","","","","","","","","","","","","","","","","","","","","","","","","","","","","",
"Guinea","GIN","Hospital beds (per 1,000 people)","SH.MED.BEDS.ZS","0.739158153533936","","","","","","","","","","1.75849997997284","","","","","","","","","","","","","","","","","","0.584100008010864","","0.5507000089","","","","","","","","","","","","","","","0.3","","","","","","0.3","","","","","","","","","","","","","","",
"Gambia, The","GMB","Hospital beds (per 1,000 people)","SH.MED.BEDS.ZS","1.18181812763214","","","","","","","","","","","","","","","","","","","","","","","","","1.65779995918274","","","","","0.6108999848","","","","","","","","","","","","","","","","","","","","","","","","1.05","1.02","1.08","","","0.96","1.14","1.18","","1.11","","",
"Guinea-Bissau","GNB","Hospital beds (per 1,000 people)","SH.MED.BEDS.ZS","1.62118494510651","","","","","","","","","","1.57459998130798","","","","","","","","","","1.8860000371933","1.97169995307922","","","","","","","","","1.4779000282","","","","","","","","","","","","","","","","","","","1","","","","","","","","","","","","","","","","",
"Equatorial Guinea","GNQ","Hospital beds (per 1,000 people)","SH.MED.BEDS.ZS","4.99603176116943","","","","","","","","","","","","","","","","","","","","","","","","","","","","2.80299997329712","","","","","","","","","","","","","","","","","","","","","1.9","2.1","","","","","","","","","","","","","","","",
"Greece","GRC","Hospital beds (per 1,000 people)","SH.MED.BEDS.ZS","5.80000019073486","","","","","","","","","","6.19999980926514","","","","","","","","","","6.19999980926514","","","","","5.5","5.30000019073486","5.19999980926514","5.19999980926514","5.09999990463257","5.0999999046","5","5","5","4.9000000954","4.9000000954","4.9000000954","4.9000000954","4.8000001907","4.6999998093","4.78","4.82","4.75","4.74","4.74","4.78","4.87","4.88","4.84","4.92","4.48","4.47","4.44","4.24","4.24","4.25","4.2","4.21","4.2","4.15","4.2","4.23","4.27","","","",
"Grenada","GRD","Hospital beds (per 1,000 people)","SH.MED.BEDS.ZS","6.22222232818604","","","","","","","","","","7.2536997795105","","","","","","","","","","5.771399974823","","","","","","","","","","8","","","8.1778001785","","5.5","5.2699999809","","","","","","","","","","","","","","","3.37","3.35","3.56","3.54","3.52","3.33","3.33","3.34","","","3.02","3.01","3.01","","",
"Greenland","GRL","Hospital beds (per 1,000 people)","SH.MED.BEDS.ZS","","","","","","","","","","","14.3534002304077","","","","","","","","","","","","","","","","","","","","","","","","","","","","","","","","","","","","","","","","","","","","","","","","","","","","","","","",
"Guatemala","GTM","Hospital beds (per 1,000 people)","SH.MED.BEDS.ZS","2.6310875415802","","","","","","","","","","2.17109990119934","","","","","2.00270009040833","","","","","","","","","","","1.72119998931885","","","0.877799987792969","1.1000000238","","","1.1000000238","","","0.9800000191","","","","","","","","","","","","","","","0.65","0.62","","0.62","0.59","","0.45","0.44","0.47","0.43","0.44","0.44","0.45","","",
"Guam","GUM","Hospital beds (per 1,000 people)","SH.MED.BEDS.ZS","","","","","","","","","","","","","","","","","","","","","","","","","","","","","","","","","","","","","","","","","","","","","","","","","","","","","","","","","","","","","","","","","","",
"Guyana","GUY","Hospital beds (per 1,000 people)","SH.MED.BEDS.ZS","5.5746922492981","","","","","","","","","","4.76300001144409","","","","","4.97279977798462","","","","","","","","","","3.49200010299683","","","","","","","","3.0999999046","","3.1","3.8699998856","","","","","","","","","","","","","","","","1.73","1.72","1.74","1.75","1.74","1.73","1.68","2.15","2.22","2.55","2.53","3.24","","",
"High income","HIC","Hospital beds (per 1,000 people)","SH.MED.BEDS.ZS","","","","","","","","","","","","","","","","","","","","","8.39905947184221","","","","","8.84308330624223","","","","","7.37695982136905","7.48035129748186","7.1323457305446","7.88445506284929","7.89376882999492","7.72921094121367","7.47983842597891","7.3467566828366","7.25829487534508","7.12441696539519","6.82362385211591","6.73471325642752","6.5707354486353","6.45118227403105","6.31271352693622","6.2072811971735","6.14896388948438","6.1010448727443","5.98735494054435","5.89429678514865","5.81070604080066","5.74578255104423","5.70755469133504","5.63907488671504","5.59504887817123","5.50361634292857","5.45514763819865","5.46614007447931","5.42726212375248","5.35949098227814","5.33421283555714","5.31424622741719","5.24441846229626","","","",
"Hong Kong SAR, China","HKG","Hospital beds (per 1,000 people)","SH.MED.BEDS.ZS","2.64033937454224","","","","","","","","","","4.17829990386963","","","","","5.04129981994629","","","","","4.02099990844727","4.10979986190796","","","","4.89090013504028","","","","","","","","","","","","","","","","","","","","","","","","","","","","","","","","","","","","","","","","",
"Honduras","HND","Hospital beds (per 1,000 people)","SH.MED.BEDS.ZS","1.64625132083893","","","","","","","","","","1.75310003757477","","","","","1.7036999464035","","","","","1.32410001754761","","","","","1.30949997901917","","","","","1.0067000389","","","0.8000000119","","","1.0599999428","","","","0.61","0.6","0.59","0.59","0.59","0.59","0.54","0.56","0.52","0.55","0.61","0.57","0.61","0.64","0.61","0.6","0.63","0.64","0.65","0.65","0.71","0.66","0.62","0.53","","",
"Heavily indebted poor countries (HIPC)","HPC","Hospital beds (per 1,000 people)","SH.MED.BEDS.ZS","1.52020535551283","","","","","","","","","","1.42636563781423","","","","","1.52320110848741","","","","","","","","","","","","","","","1.00122727943483","","","","","","","","","","","","","","","","","","","","","","","","","","","","","","","","","","","",
"Croatia","HRV","Hospital beds (per 1,000 people)","SH.MED.BEDS.ZS","","","","","","","","","","","","","","","","","","","","","7.23479986190796","7.30810022354126","7.42350006103516","7.46519994735718","7.44659996032715","7.45429992675781","7.40259981155396","7.4225001335144","7.44169998168945","7.39300012588501","7.3777999878","6.5201001167","6.210100174","6.071199894","5.9095001221","5.75","6.1900000572","6.0100002289","6.0599999428","5.9299998283","6.23","6.19","5.85","5.79","5.7","5.61","5.62","5.64","5.63","5.52","5.77","5.95","5.9","5.88","5.93","5.6","5.54","5.61","5.7","5.78","5.8","5.71","5.76","5.6","","",
"Haiti","HTI","Hospital beds (per 1,000 people)","SH.MED.BEDS.ZS","0.608832836151123","","","","","","","","","","0.784300029277802","","","","","0.776000022888184","","","","","0.740499973297119","","","","","0.723100006580353","","","","","0.7555999756","","","0.7990999818","","","0.7099999785","","","","","","","","","","","","","","0.66","","","0.72","","","","","5.29","4.89","5.06","4.8","4.68","4.9","","",
"Hungary","HUN","Hospital beds (per 1,000 people)","SH.MED.BEDS.ZS","","","","","","","","","","","","","","","","","","","","","","","","","","","","","","","","","","","9.3000001907","8.8000001907","8.8000001907","8","8.1000003815","8.1000003815","8.17","7.93","7.93","7.91","7.9","7.93","7.99","7.2","7.12","7.16","7.2","7.21","7","7.04","6.99","7","7","7.02","6.95","6.91","6.76","6.79","6.63","","","",
"IBRD only","IBD","Hospital beds (per 1,000 people)","SH.MED.BEDS.ZS","","","","","","","","","","","1.53571164633239","","","","","1.61139562779111","","","","","2.28297458265217","2.23074194620007","","","","2.87624074970884","","3.07260474001108","","","3.49173066619528","2.80580998266371","","","","","","","","","2.41732153265134","2.367008850791","2.34584409130872","2.34811624050978","2.32583052547516","2.31917509448775","2.32764050862748","2.35114286315666","2.37166855123076","2.38025679365452","2.41001334599671","2.45607175889094","2.55245291386291","2.63195703144309","2.66756518907056","2.7336571239467","2.79189977008483","2.82557754321661","2.89857691185447","2.94913476686582","3.06287319116192","3.12126945718317","","","","",
"IDA & IBRD total","IBT","Hospital beds (per 1,000 people)","SH.MED.BEDS.ZS","","","","","","","","","","","1.43769279700158","","","","","1.54832709689943","","","","","2.10223248060055","","","","","2.81931994468713","","","","","2.989994695945","2.68024313270644","","","","","","","","","2.34062857480894","2.2788039315534","2.26121293098689","2.24126412626623","2.1597844922685","2.2020325088159","2.17369300857108","2.1589198751848","2.13659475582358","2.16002594417301","2.15847385767963","2.20282272436533","2.31007681822757","2.34083504212251","2.3714255800503","2.45296543679997","2.45962838279836","2.55603165450446","2.59431619817764","2.62703390022968","2.7303447349779","2.90261417823278","","","","",
"IDA total","IDA","Hospital beds (per 1,000 people)","SH.MED.BEDS.ZS","1.16498484244555","","","","","","","","","","1.03324528167875","","","","","","","","","","1.19875267944953","","","","","","","","","","1.39801338817132","","","","","","","","","","","","","","","","","","","","","","","","","","","","","","","","","","","",
"IDA blend","IDB","Hospital beds (per 1,000 people)","SH.MED.BEDS.ZS","0.828114086588424","","","","","","","","","","0.954740187073071","","","","","0.875691556954743","","","","","1.6330125851067","","","","","","","","","","2.02333333170594","","","","","","","","","","","","","","0.924170796467615","","","","","","","","","","","","","","","","","","","","","",
"Indonesia","IDN","Hospital beds (per 1,000 people)","SH.MED.BEDS.ZS","0.740457057952881","","","","","","","","","","0.654600024223328","","","","","0.818300008773804","","","","","","","","","","0.556800007820129","","","","0.702600002288818","0.665199995","0.6686000228","0.6650000215","0.6575999856","0.6600999832","","","","0.6","","0.58","0.58","0.58","0.58","0.58","0.59","0.59","0.6","0.62","0.58","0.56","0.6","0.81","0.96","0.91","0.95","0.97","1.02","1.15","1.16","1.38","1.34","1.4","1.37","","",
"IDA only","IDX","Hospital beds (per 1,000 people)","SH.MED.BEDS.ZS","1.35037297521414","","","","","","","","","","1.06977211881226","","","","","","","","","","","","","","","","","","","","1.02713274342256","","","","","","","","","","","","","","","","","","","","","","","","","","","","","","","","","","","",
"Isle of Man","IMN","Hospital beds (per 1,000 people)","SH.MED.BEDS.ZS","1.84498372951453","","","","","","","","","","1.91323133169579","","","","","","","","","","1.75615659502416","1.75411209504075","","","","","","","","","1.75223833073534","","","","","","","","","","","","","","","","","","","","","","","","","","","","","","","","","","","",
"India","IND","Hospital beds (per 1,000 people)","SH.MED.BEDS.ZS","0.458986908197403","","","","","","","","","","0.604499995708466","","","","","0.588199973106384","","","","","0.769699990749359","0.769400000572205","","","","0.769200026988983","","0.718200027942657","","","","0.7870000005","","","","","","","","","2.13","2.09","2.05","2.02","1.99","1.95","1.92","1.89","1.87","1.84","1.81","1.79","1.76","1.74","1.72","1.7","1.68","1.66","1.64","1.62","1.61","1.59","","","","",
"Not classified","INX","Hospital beds (per 1,000 people)","SH.MED.BEDS.ZS","","","","","","","","","","","","","","","","","","","","","","","","","","","","","","","","","","","","","","","","","","","","","","","","","","","","","","","","","","","","","","","","","","",
"Ireland","IRL","Hospital beds (per 1,000 people)","SH.MED.BEDS.ZS","","","","","","","","","","","","","","","","","","","","","9","9","8.80000019073486","8.60000038146973","8.39999961853027","8.19999980926514","7.90000009536743","7.19999980926514","6.40000009536743","6.19999980926514","6.0999999046","6","5.6999998093","5.5","5.3000001907","5.1999998093","5.0999999046","4.9000000954","4.8000001907","4.6999998093","6.14","5.87","5.79","5.68","5.65","5.47","5.26","5.1","4.86","2.83","2.73","2.62","2.54","2.56","2.57","2.92","2.95","2.97","2.97","2.88","2.89","2.9","2.94","2.96","","",
"Iran, Islamic Rep.","IRN","Hospital beds (per 1,000 people)","SH.MED.BEDS.ZS","0.92567503452301","","","","","","","","","","1.37960004806519","","","","","","","","","","1.4805999994278","1.51559996604919","","","","","","1.51049995422363","1.48370003700256","","1.4330999851","","","","","","1.6000000238","","","","","1.62","1.63","1.62","1.6","1.58","1.59","1.61","1.6","1.5","1.64","1.32","1.65","1.72","1.78","1.79","1.88","1.9","1.93","1.85","","","","","","",
"Iraq","IRQ","Hospital beds (per 1,000 people)","SH.MED.BEDS.ZS","1.85803997516632","","","","","","","","","","1.95099997520447","","","","","","","","","","1.94640004634857","1.89310002326965","","","","","","","","1.71389997005463","1.6596000195","","","","","","","","1.4500000477","","","","","","1.34","1.3","1.32","","","1.11","1.1","","1.3","1.28","1.1","","","1.06","1.06","","","","","","","",
"Iceland","ISL","Hospital beds (per 1,000 people)","SH.MED.BEDS.ZS","9.80000019073486","","","","","","","","","","12.8999996185303","","","","","","","","","","14.8000001907349","","","","","15.8000001907349","","","","","16.7000007629","16.2999992371","15.8999996185","14.8000001907","14.6999998093","14.6000003815","","","","","","","","","","","","4.12","3.91","3.7","3.58","3.29","3.24","3.22","3.16","3.12","3.13","3.06","2.87","2.8","2.83","","","","","",
"Israel","ISR","Hospital beds (per 1,000 people)","SH.MED.BEDS.ZS","6.73793745040894","","","","","","","","","","","","","","","8.07929992675781","","","","","6.79739999771118","6.72940015792847","6.76660013198853","6.54349994659424","6.49660015106201","6.50950002670288","6.38019990921021","6.2898998260498","6.31689977645874","6.28369998931885","6.2431998253","5.9699997902","5.9895000458","6.0778999329","6.1012001038","5.9800000191","6.0300002098","6.0500001907","6.0999999046","6.1199998856","3.9","3.91","3.87","3.97","3.91","3.85","3.51","3.46","3.4","3.32","3.28","3.27","3.22","3.22","3.2","3.15","3.11","3.14","3.1","3.1","3.06","3.05","3.13","3.14","","",
"Italy","ITA","Hospital beds (per 1,000 people)","SH.MED.BEDS.ZS","8.89999961853027","9","9.19999980926514","9.30000019073486","9.5","9.60000038146973","9.69999980926514","9.89999961853027","10.1000003814697","10.3000001907349","10.6000003814697","10.6000003814697","10.6000003814697","10.5","10.6000003814697","10.6000003814697","10.3999996185303","10.3000001907349","10","9.80000019073486","9.60000038146973","9.39999961853027","9.10000038146973","8.89999961853027","8.5","8.30000019073486","8","7.80000019073486","7.5","7.09999990463257","7.1999998093","6.8000001907","6.9000000954","6.6999998093","6.5999999046","6.3000001907","6.5","5.9000000954","5.5","4.9000000954","4.68","4.59","4.41","4.15","3.99","4.01","3.95","3.86","3.74","3.64","3.59","3.46","3.37","3.29","3.22","3.2","3.18","3.19","3.15","3.14","3.16","3.09","3.06","","","",
"Jamaica","JAM","Hospital beds (per 1,000 people)","SH.MED.BEDS.ZS","4.14548826217651","","","","","","","","","","4.10489988327026","","","","","4.99949979782104","","","","","","","","","","3.33330011367798","","","","2.40009999275208","2.2000000477","","","2.1003000736","","2.1","2.1199998856","","","","","","","","","","","","","1.7","1.81","1.8","1.79","1.68","1.68","1.71","1.73","1.71","1.69","1.72","1.71","1.67","1.71","1.65","","",
"Jordan","JOR","Hospital beds (per 1,000 people)","SH.MED.BEDS.ZS","3.60545015335083","","","","","","","","","","1.12800002098083","","","","","1.02600002288818","","","","","1.25769996643066","1.2063000202179","","","","1.20550000667572","","","","","1.7977999449","","","","1.6302000284","","","1.7999999523","","","","","","1.7","1.67","1.68","1.71","1.62","1.6","1.59","1.61","1.6","1.6","1.51","1.41","1.38","1.37","1.45","1.41","1.36","1.38","1.39","1.42","1.41","","",
"Japan","JPN","Hospital beds (per 1,000 people)","SH.MED.BEDS.ZS","9","","","","","","","","","","12.5","","","","","","","","","","13.6999998092651","","","","","14.6999998092651","","","","","","","","15.6000003815","15.5","15.3999996185","15.1999998093","15.1000003815","15","14.8000001907","14.67","14.59","14.43","14.26","14.18","14.06","13.96","13.86","13.7","13.6","13.5","13.37","13.32","13.27","13.18","13.15","13.09","13.01","12.93","12.79","12.62","12.6","12.59","","","",
"Kazakhstan","KAZ","Hospital beds (per 1,000 people)","SH.MED.BEDS.ZS","","","","","","","","","","","","","","","","","","","","","13.0934000015259","13.229100227356","13.3114995956421","13.3694000244141","13.5123996734619","13.5857000350952","13.5607004165649","13.5560998916626","13.5441999435425","13.6300001144409","13.6660995483","13.7089996338","13.4618997574","13.1665000916","12.1447000504","11.6499996185","10.3299999237","8.4499998093","8.1899995804","7.25","6.9","6.65","6.66","7.29","7.36","7.36","7.39","7.35","7.36","7.3","7.07","6.89","6.53","6.12","5.91","5.67","5.45","5.33","5.2","5.01","6.54","","","","","",
"Kenya","KEN","Hospital beds (per 1,000 people)","SH.MED.BEDS.ZS","1.25048005580902","","","","","","","","","","1.26429998874664","","","","","1.25","","","","","","","","","","1.70710003376007","","","","1.43620002269745","1.6471999884","","","","","","","","","","","","","","1.4","","","","","","1.4","","","","","","","","","1.33","","","","","","",
"Kyrgyz Republic","KGZ","Hospital beds (per 1,000 people)","SH.MED.BEDS.ZS","","","","","","","","","","","","","","","","","","","","","12.0114002227783","12.1184997558594","12.1033000946045","11.9364995956421","11.9771003723145","12.0304002761841","12.0309000015259","12.0642004013062","11.9474000930786","11.9720001220703","11.9772996902","12.0579996109","11.9320001602","10.7455997467","9.6052999496","8.6400003433","8.4099998474","8.6000003815","8.3000001907","7.4699997902","6.85","5.98","5.36","5.15","5","4.99","4.97","5.28","5.28","5.15","5.05","4.94","4.87","4.76","4.67","4.48","4.45","4.33","4.2","4.09","4.04","4.05","3.9","3.73","","",
"Cambodia","KHM","Hospital beds (per 1,000 people)","SH.MED.BEDS.ZS","0.746548891067505","","","","","","","","","","1.0809999704361","","","","","","","","","","","","","","","","","","2.09870004653931","","2.0720999241","","","","","","","","","","","","0.6","","","0.59","","","0.64","","0.8","","","0.82","","0.83","","","0.73","","","","","","","",
"Kiribati","KIR","Hospital beds (per 1,000 people)","SH.MED.BEDS.ZS","6.36363649368286","","","","","","","","","","12.3312997817993","","","","","","","","","","5.09469985961914","4.76830005645752","","","","","","","","","4.2718000412","","","","","","","","1.7999999523","","","","","","","","","","","","1.32","","","","","","1.86","","","","","","","","","",
"St. Kitts and Nevis","KNA","Hospital beds (per 1,000 people)","SH.MED.BEDS.ZS","3.8627450466156","","","","","","","","","","5.94649982452393","","","","","","","","","","8.53600025177002","","","","","","","","","","9.1999998093","","","","","6.4","6.3600001335","","","","","","","","","","","","","","","5.09","5.08","5.08","5.07","5.07","5.07","5.08","5.08","4.39","4.39","4.4","3.98","3.98","","",
"Korea, Rep.","KOR","Hospital beds (per 1,000 people)","SH.MED.BEDS.ZS","","","","","","","","","","","","","","","","","","","","","1.70000004768372","","","","","2.40000009536743","","","","3","3.0999999046","3.2999999523","3.5","3.7000000477","4.0999999046","4.4000000954","4.5999999046","4.8000001907","5.0999999046","5.5999999046","4.68","4.48","4.87","5.13","5.46","5.94","6.54","7.32","7.84","8.32","8.88","9.68","10.38","11","11.63","11.62","11.97","12.26","12.43","12.43","12.65","12.75","12.81","","","",
"Kuwait","KWT","Hospital beds (per 1,000 people)","SH.MED.BEDS.ZS","6.79856109619141","","","","","","","","","","4.83470010757446","","","","","","","","","","4.144700050354","","","","","","","","","2.98539996147156","","","","","","","","2.7599999905","","","2.34","2.34","2.28","2.23","2.2","2.47","2.45","2.43","2.45","2.52","2.5","2.54","2.39","2.29","2.25","2.18","2.08","2.05","2.01","2","2.33","","","","","",
"Latin America & Caribbean (excluding high income)","LAC","Hospital beds (per 1,000 people)","SH.MED.BEDS.ZS","3.3443347146814","","","","","","","","","","3.39968170517404","","","","","","","","","","","","","","","","","","","","2.44532518617647","","","2.53207133042291","","","2.21703994771571","","","","","","","","","","","1.93254532449643","1.98166590283253","1.95318579033252","1.89690023541222","1.96255093619931","2.01977927026494","2.04719141879023","1.97055817952849","1.93883711264176","1.97748063484474","1.9337497786985","1.88560641505203","1.86614159052259","1.91477511954473","2.00599772640482","","","","",
"Lao PDR","LAO","Hospital beds (per 1,000 people)","SH.MED.BEDS.ZS","0.472209453582764","","","","","","","","","","0.92739999294281","","","","","","","","","","","","","","","","","","","","2.5697999001","","","","","","","","","","1.16","1.15","1.13","1.1","1.15","1.15","1.11","1.15","1.16","1.03","1.06","1.32","1.53","1.1","1.08","1.15","1.21","1.58","1.46","1.68","1.27","1.31","1.29","1.71","","",
"Lebanon","LBN","Hospital beds (per 1,000 people)","SH.MED.BEDS.ZS","4.58133935928345","","","","","","","","","","4.09870004653931","","","","","","","","","","","","","","","","","","","","1.6505999565","","3.0827000141","","","","","2.7000000477","","","3.07","3","3","3","3","3.6","3.6","3.43","3.43","3.45","3.45","3.45","3.45","2.86","2.85","3.37","2.73","2.73","2.73","2.73","2.73","2.73","","","","",
"Liberia","LBR","Hospital beds (per 1,000 people)","SH.MED.BEDS.ZS","1.322425365448","","","","","","","","","","1.57690000534058","","","","","1.64699995517731","","","","","","","","","","","","","","","","","","","","","","","","","","","","","","","","","","0.7","0.8","","","","","","0.63","","1.64","","","1.59","","","","",
"Libya","LBY","Hospital beds (per 1,000 people)","SH.MED.BEDS.ZS","2.75537443161011","","","","","","","","","","3.81369996070862","","","","","","","","","","","4.82550001144409","","","","","","","","","4.1729998589","","","","","","","4.3000001907","","","4.12","3.85","3.9","3.9","3.9","3.4","3.7","3.7","3.7","3.7","3.7","3.7","3.7","3.7","3.7","3.7","3.7","3.2","3.2","3.2","3.2","3.2","3.5","","","",
"St. Lucia","LCA","Hospital beds (per 1,000 people)","SH.MED.BEDS.ZS","4.28042554855347","","","","","","","","","","5.04930019378662","","","","","","","","","","","","","","","","","","","","4","","","4.3517999649","","3.3","3.3800001144","","","","","","","","","","","","","","","1.47","","1.21","","1.43","","1.32","","","1.75","1.98","1.09","","","",
"Latin America & Caribbean","LCN","Hospital beds (per 1,000 people)","SH.MED.BEDS.ZS","3.43134625028768","","","","","","","","","","3.47198484467174","","","","","","","","","","","","","","","","","","","","2.49355828749754","","","2.56769434505548","","","2.26830478332074","","","","","","","","","1.96914255552535","1.93350339805788","1.93419432281643","1.97951523985582","1.95446328587442","1.90643180743642","1.9691792416648","2.02515352065635","2.0510923701714","1.97644888440339","1.94621315699463","1.98159836327795","1.94052219489326","1.89198668367841","1.87170833613386","1.91839068057596","2.00523004057749","","","","",
"Least developed countries: UN classification","LDC","Hospital beds (per 1,000 people)","SH.MED.BEDS.ZS","1.26329963166806","","","","","","","","","","0.978810874323133","","","","","","","","","","","","","","","","","","","","0.725295136410086","","","","","","","","","","","","","","","","","","","","","","","","","","","","","","","","","","","",
"Low income","LIC","Hospital beds (per 1,000 people)","SH.MED.BEDS.ZS","1.44170129638708","","","","","","","","","","1.25649682066357","","","","","1.34184367400699","","","","","","","","","","","","","","","0.857432234169175","","","","","","","","","","","","","","","","","","","","","","","","","","","","","","","","","","","",
"Liechtenstein","LIE","Hospital beds (per 1,000 people)","SH.MED.BEDS.ZS","","","","","","","","","","","","","","","","","","","","","","","","","","","","","","","","","","","","","","","","","","","","","","","","","","","","","","","","","","","","","","","","","","",
"Sri Lanka","LKA","Hospital beds (per 1,000 people)","SH.MED.BEDS.ZS","3.13884115219116","","","","","","","","","","3.01690006256104","","","","","3.33330011367798","","","","","2.94400000572205","2.93759989738464","","","","","","","","2.40300011634827","2.7434999943","","","","","","","","","2.2000000477","2.96","3.02","2.9","3.09","2.86","3.05","3.29","3.35","3.29","3.41","3.47","3.52","3.59","3.66","3.72","3.71","3.72","3.77","3.81","3.86","3.87","3.98","3.94","3.93","","",
"Lower middle income","LMC","Hospital beds (per 1,000 people)","SH.MED.BEDS.ZS","0.70211767600535","","","","","","","","","","0.789760173653015","","","","","0.767313460155055","","","","","0.962449080007346","0.836478400176627","","","","1.09145602092522","","","","","","1.07393792397012","","","","","","","","","1.99433551573192","1.93018922357237","1.88111200864562","1.82850942218192","1.68900969200477","1.74458708690292","1.72950714252859","1.6099386425377","1.56574999428424","1.53650470067804","1.49184391221157","1.47212218318415","1.49119033886436","1.45077645670287","1.44021338918111","1.44095464532616","1.43885239711909","1.43813929589675","1.42400348377542","1.39246441666597","1.42879555804285","1.52250889678202","","","","",
"Low & middle income","LMY","Hospital beds (per 1,000 people)","SH.MED.BEDS.ZS","","","","","","","","","","","1.3765840636833","","","","","1.54018267517802","","","","","1.96012037627401","1.95885323306617","","","","2.10171077806245","","","","","2.41184748085658","2.07841073186363","","","","","","","","","1.95991152112996","1.91382774102645","1.92308944650156","1.87718282114097","1.8215956345711","1.87648158190984","1.8666998369786","1.86377354728231","1.86083474691853","1.89295891833208","1.9758500578444","1.96657160376989","2.13781615922965","2.12655172023796","2.16670569955959","2.2573684581979","2.27537251150618","2.3785758081269","2.4720403050611","2.46284941121576","2.56611826661274","2.73581466124029","","","","",
"Lesotho","LSO","Hospital beds (per 1,000 people)","SH.MED.BEDS.ZS","1.10372042655945","","","","","","","","","","1.744500041008","","","","","1.62839996814728","","","","","","","","","","","","","","","","","","","","","","","","","","","","","","","1.3","","","","","","","","","","","","","","","","","","","",
"Late-demographic dividend","LTE","Hospital beds (per 1,000 people)","SH.MED.BEDS.ZS","","","","","","","","","","","1.95743211178951","","","","","2.23831970152197","","","","","2.8199267383104","2.69758276981848","","","","4.03307777297901","4.07503134875413","4.06244552311512","4.17772358659945","4.0184129903979","3.89057142064815","4.05339302840048","3.97720648370916","3.933915603381","3.91902935839672","3.83353786831089","3.6735546710444","3.60346883381876","3.69691649737948","3.56033274047406","2.74609773239736","2.71053019788305","2.67984568425261","2.72949947370886","2.75479311346271","2.74304191524002","2.78721590473653","2.85011749709446","2.89262097490218","2.96722720481876","3.16414640950003","3.15387726701252","3.44758698745469","3.48494618413227","3.66846640869526","3.79905403954397","3.91931814075273","4.03238603526461","4.35430322522678","4.38863431659361","4.55141207283052","4.74225142246291","5.11821930891724","5.2764368072695","","",
"Lithuania","LTU","Hospital beds (per 1,000 people)","SH.MED.BEDS.ZS","","","","","","","","","","","","","","","","","","","","","12.0663995742798","","","","","12.7760000228882","12.7692003250122","12.8029003143311","12.8053998947144","12.6358003616333","12.4871997833","12.4653997421","12.0453996658","11.9105997086","11.2838001251","11.0900001526","10.8800001144","10.1899995804","10.029999733","9.8500003815","8.83","8.33","8.1","7.85","7.57","7.28","7.16","7.19","7.18","7.18","7.16","7.43","7.44","7.31","7.26","6.96","6.69","6.56","6.43","6.34","6.01","6.07","5.71","","","",
"Luxembourg","LUX","Hospital beds (per 1,000 people)","SH.MED.BEDS.ZS","","","","","","","","","","","","","","","","","","","","","","","","","","","8.10000038146973","8","7.90000009536743","7.80000019073486","7.5999999046","7.5","7.3000001907","7.4000000954","7.1999998093","7.0999999046","7","6.9000000954","6.8000001907","6.3000001907","","","","","6.39","5.78","5.65","5.67","5.56","5.46","5.36","5.28","5.15","5.17","5.05","4.96","4.81","4.66","4.51","4.26","4.19","4.14","3.99","3.95","","",
"Latvia","LVA","Hospital beds (per 1,000 people)","SH.MED.BEDS.ZS","","","","","","","","","","","","","","","","","","","","","13.8909997940063","","","","","14.3086004257202","14.1928997039795","14.2390003204346","14.0949001312256","14.0235004425049","14.0754003525","13.6218996048","12.9406003952","12.2314996719","12.0551996231","11.1899995804","10.4399995804","9.8000001907","9.4099998474","9.029999733","8.77","8.27","7.86","7.95","7.91","7.9","7.84","7.83","7.76","6.74","5.68","5.88","5.88","5.8","5.66","5.69","5.72","5.57","5.49","5.42","5.28","5.16","5.02","4.95","","",
"Macao SAR, China","MAC","Hospital beds (per 1,000 people)","SH.MED.BEDS.ZS","10.1213865280151","","","","","","","","","","5.29530000686646","","","","","","","","","","","","","","","","","","","","","","","","","","","","","","","","","","","","","","","","","","","","","","","","","","","","","","","",
"St. Martin (French part)","MAF","Hospital beds (per 1,000 people)","SH.MED.BEDS.ZS","","","","","","","","","","","","","","","","","","","","","","","","","","","","","","","","","","","","","","","","","","","","","","","","","","","","","","","","","","","","","","","","","","",
"Morocco","MAR","Hospital beds (per 1,000 people)","SH.MED.BEDS.ZS","1.5984001159668","","","","","","","","","","1.47420001029968","","","","","1.42859995365143","","","","","","1.22819995880127","","","","1.26689994335175","","","","","1.2899999619","","","","1.1123000383","","","0.9800000191","","","0.88","0.89","0.89","0.89","0.87","0.86","0.87","","0.87","0.85","0.84","0.83","0.83","0.82","","","","0.72","0.71","0.7","0.74","0.72","0.73","0.73","","",
"Monaco","MCO","Hospital beds (per 1,000 people)","SH.MED.BEDS.ZS","","","","","","","","","","","","","","","","","","","","","","","","","","","","","","18.1070995330811","","","21.6786003113","","","19.5699996948","","","","","","","","","","","14.74","14.63","14.78","15.19","15.88","18.31","17.82","22.27","21.99","","","","","","","","","","","",
"Moldova","MDA","Hospital beds (per 1,000 people)","SH.MED.BEDS.ZS","","","","","","","","","","","","","","","","","","","","","12.0548000335693","12.0820999145508","12.0510997772217","12.0797996520996","12.143500328064","12.2204999923706","12.4355001449585","12.6675996780396","12.7636995315552","12.727499961853","13.1478004456","13.1162004471","12.7903003693","12.4827003479","12.2215003967","12.2100000381","12.1300001144","11.6199998856","11.2299995422","8.1899995804","6.09","5.98","5.9","5.88","5.71","5.76","5.73","5.68","5.77","5.92","6.06","6.19","6.36","6.09","6.02","5.72","5.81","5.76","5.75","5.8","5.59","5.73","5.69","5.54","","",
"Madagascar","MDG","Hospital beds (per 1,000 people)","SH.MED.BEDS.ZS","2.40618586540222","","","","","","","","","","2.79080009460449","","","","","2.43129992485046","","","","","","","","","","","","","","","0.9359999895","","","","","","","","","","0.43","0.32","","0.39","","0.38","0.32","0.32","0.29","","0.33","0.32","","0.32","0.32","","","","","","","","","","","",
"Maldives","MDV","Hospital beds (per 1,000 people)","SH.MED.BEDS.ZS","","","","","","","","","","","","","","","","","","","","","","","","","","","","","","","0.7627999783","","","","","","","","","","1.67","1.86","1.91","2.17","2.52","2.56","4.35","4.21","2.34","3.91","","","","","","4.95","4.94","4.94","4.95","6.36","5.04","4.56","","","","",
"Middle East, North Africa, Afghanistan & Pakistan","MEA","Hospital beds (per 1,000 people)","SH.MED.BEDS.ZS","1.45194377027253","","","","","","","","","","1.39900256210064","","","","","","","","","","1.39702227136528","1.35181529809527","","","","","","","","","1.43820276683407","","","","","","","","","","1.22884707730803","1.28197012401824","1.33550827925309","1.34076771424681","1.33948031732459","1.27775008131851","1.30903786334895","1.25428202839023","1.21356384831432","1.17560283290574","1.16575611129863","1.08953495481087","1.13951487472225","1.14638032500887","1.15515473003015","1.1763439823017","1.19018305110913","1.16318578823454","1.12998364624351","1.11454897145734","1.05775504465904","","","","","",
"Mexico","MEX","Hospital beds (per 1,000 people)","SH.MED.BEDS.ZS","","","","","","","","","","","","","","","","","","","","","0.699999988079071","","","","","","","","","","1","1.1000000238","1.2000000477","1.2000000477","1.2000000477","1.2000000477","1.2000000477","1.1000000238","1.1000000238","1.1000000238","1.06","1.08","1.09","1.06","1.07","1.05","1.02","1.06","1.03","1.02","1.05","1.03","1.02","1.02","1.01","1","1","0.99","0.98","0.96","1","1.01","1.01","","","",
"Marshall Islands","MHL","Hospital beds (per 1,000 people)","SH.MED.BEDS.ZS","","","","","","","","","","","","","","","","","","","","","","","","","","","","","","","2.2727000713","","","","","","","","","2.1","","","","","","","","","","","2.8","","","","","","","","","","","","","","","",
"Middle income","MIC","Hospital beds (per 1,000 people)","SH.MED.BEDS.ZS","","","","","","","","","","","1.38478374384509","","","","","1.55190636848102","","","","","1.99873074303597","1.98399952951437","","","","2.10186371740365","","","","","2.52368215210724","2.09093232720709","","","","","","","","","1.98236056168176","1.93627973534458","1.93817393145375","1.8983746088908","1.83518001258939","1.89545119745606","1.91544111718052","1.89703931319303","1.92604523199429","1.93692331713506","1.96333463857488","2.02275478608201","2.13843360618942","2.19901609506475","2.24338934528152","2.32366684294088","2.38108211188078","2.45234060908114","2.49424499672917","2.53002387020904","2.65452505636036","2.82628954552201","","","","",
"North Macedonia","MKD","Hospital beds (per 1,000 people)","SH.MED.BEDS.ZS","","","","","","","","","","","5.4503002166748","5.44339990615845","5.49429988861084","5.4028000831604","5.46439981460571","5.4443998336792","5.31090021133423","5.26980018615723","5.17379999160767","5.24370002746582","5.19850015640259","5.18160009384155","5.36460018157959","5.3383002281189","5.40290021896362","5.51189994812012","5.49949979782104","5.43359994888306","5.47429990768433","5.49900007247925","5.9477000237","5.7873001099","5.6964001656","5.6005997658","5.5500001907","5.4099998474","5.1999998093","5.1599998474","5.1500000954","5.0999999046","4.98","4.86","4.71","4.68","4.65","4.58","4.52","4.48","4.49","4.46","4.6","4.55","4.48","4.56","4.55","4.59","4.62","4.57","4.56","4.67","4.76","4.74","","","","",
"Mali","MLI","Hospital beds (per 1,000 people)","SH.MED.BEDS.ZS","0.668505728244781","","","","","","","","","","0.679099977016449","","","","","0.714299976825714","","","","","","","","","","","","","","","","","","","","","","","0.2399999946","","","","","","","","","","","0.2","0.25","0.24","0.22","0.22","0.25","0.25","0.23","0.22","0.25","","","","","","","",
"Malta","MLT","Hospital beds (per 1,000 people)","SH.MED.BEDS.ZS","9.2583589553833","","","","","","","","","","","","","","","","","","","","","","","","9.46389961242676","","","9.33530044555664","9.25730037689209","9.44110012054443","","","","5.8432002068","5.6210999489","5.4299998283","5.7800002098","5.6399998665","5.6100001335","5.5700001717","5.28","7.38","7.31","7.25","7.28","7.28","7.38","7.65","7.22","4.74","4.43","4.3","4.63","4.75","4.59","4.59","4.67","4.49","4.31","4.1","4.36","4.1","4.09","","","",
"Myanmar","MMR","Hospital beds (per 1,000 people)","SH.MED.BEDS.ZS","0.663009285926819","","","","","","","","","","0.85809999704361","","","","","","","","","","0.857100009918213","0.857599973678589","","","","","","","","","0.635800004","","","","","","","","","","","","","0.7","0.71","0.72","0.72","0.74","0.77","0.78","0.87","0.88","0.89","0.91","0.94","1.07","1.07","1.06","1.06","1.05","1.07","","","","","",
"Middle East, North Africa, Afghanistan & Pakistan (excluding high income)","MNA","Hospital beds (per 1,000 people)","SH.MED.BEDS.ZS","1.36184413230964","","","","","","","","","","1.3831576125153","","","","","","","","","","1.25794327627539","1.24786128464796","","","","","","","","","1.33491616519581","","","","","","","","","","1.14801672376231","1.21290905316389","1.21494163920739","1.22012582702736","1.2287023458581","1.15653689889024","1.21186877838665","1.13388054139789","1.11105381999386","1.0779665787404","1.07118406858961","0.989201913758483","1.04892852027645","1.05375935874045","1.05678424852817","1.0658104625551","1.08234244531889","1.06274762385581","1.01410827332738","0.982568032242376","0.88666013519786","","","","","",
"Montenegro","MNE","Hospital beds (per 1,000 people)","SH.MED.BEDS.ZS","","","","","","","","","","","","","","","","","","","","","","","","","","","","","","","","","","","","","","","","","4.12","4.15","4.1","4.14","4.14","4.11","4.08","3.93","3.83","3.85","3.9","3.9","3.89","3.82","3.87","3.89","3.92","3.88","3.95","3.92","3.94","3.91","3.82","","","",
"Mongolia","MNG","Hospital beds (per 1,000 people)","SH.MED.BEDS.ZS","8.681960105896","","","","","","","","","","9.49520015716553","","","","","","","","","","11.1971998214722","11.0289001464844","","","","","","","","","","11.4864997864","","","","","","","","","7.32","7.3","7.45","7.21","7.22","7.13","7.1","6.9","6.86","6.65","6.6","6.91","7","6.96","7.06","7.3","7.55","7.7","7.86","7.94","8.23","10.57","8.75","8.58","","",
"Northern Mariana Islands","MNP","Hospital beds (per 1,000 people)","SH.MED.BEDS.ZS","","","","","","","","","","","","","","","","","","","","","","","","","","","","","","","","","","","","","","","","","","","","","","","","","","","","","","","","","","","","","","","","","","",
"Mozambique","MOZ","Hospital beds (per 1,000 people)","SH.MED.BEDS.ZS","0.808872818946838","","","","","","","","","","1.17519998550415","","","","","","","","","","1.0896999835968","","","","","","","","","","0.8671000004","","","","","","","","","","","","","","","","0.85","0.75","0.79","0.84","0.85","0.85","0.86","0.81","0.81","0.78","0.79","0.77","0.77","0.72","0.71","0.74","","","","",
"Mauritania","MRT","Hospital beds (per 1,000 people)","SH.MED.BEDS.ZS","0.20484359562397","","","","","","","","","","0.34400001168251","","","","","0.344300001859665","","","","","","","","","0.767599999904633","","","","","","0.6654000282","","","","","","","","","","","","","","","","0.4","","","","","","","","","","","","","","","","","","","",
"Mauritius","MUS","Hospital beds (per 1,000 people)","SH.MED.BEDS.ZS","4.71666669845581","","","","","","","","","","3.95160007476807","","","","","3.29970002174377","","","","","3.12220001220703","","","","","3.34649991989136","","","","","","2.8866000175","3.1350998878","3.0947999954","3.0745999813","","","","","","3.76","3.66","3.54","3.41","3.41","3.38","3.4","3.35","3.34","3.48","3.4","3.34","3.46","3.45","3.43","3.47","3.51","3.52","3.56","3.66","3.68","3.75","3.77","3.8","","",
"Malawi","MWI","Hospital beds (per 1,000 people)","SH.MED.BEDS.ZS","1.11873054504395","","","","","","","","","","1.53849995136261","","","","","","","","","","","","","","","","","","","0.841899991035461","1.5506999493","","","","","","","","1.3400000334","","","","","","","","","1.1","","","","1.3","","","","","","","","","","","","","","",
"Malaysia","MYS","Hospital beds (per 1,000 people)","SH.MED.BEDS.ZS","3.72813272476196","","","","","","","","","","3.46970009803772","","","","","3.34669995307922","","","","","","2.27830004692078","","","","2.5576000213623","","2.47790002822876","","2.33949995040894","2.1305999756","2.0938999653","2.0606999397","2.0295000076","2.0215001106","2.0299999714","2.0099999905","","","","2.05","2.01","1.96","1.92","1.89","1.88","1.9","1.91","1.93","1.92","1.91","1.9","1.9","1.91","1.85","1.86","1.88","1.89","1.9","1.9","1.93","1.97","1.94","1.96","","",
"North America","NAC","Hospital beds (per 1,000 people)","SH.MED.BEDS.ZS","8.92943896889682","","","","","8.80000019073486","","","","","7.81522254812914","7.5","7.40000009536743","7.19999980926514","7.09999990463257","6.80000019073486","6.62913195203116","6.44862563236745","6.26803619627514","6.16796637585235","6.0779077076013","5.9976064256276","5.98803330382625","5.89788027491548","5.80774393530127","5.62736569897019","5.52744604873413","5.33777554044616","5.23825912935674","5.12937017991763","5.00984032705189","4.89977094594088","4.68962946264769","4.58945236880738","4.3000001907","4.18922128272975","3.96978681661246","3.85930520827451","3.74927170568068","3.62947364328064","3.51550211669629","3.48865238138534","3.42162809201022","3.34475171200567","3.27573611049845","3.18819521681291","3.1532691212498","3.11228182140486","3.09141850864708","3.04233732339882","3.00425176712229","2.92412878768774","2.88707145364216","2.84404535910761","2.77701286345001","2.73501991383024","2.70597499219222","2.77081656550123","2.73769166469205","2.69852386216921","2.69250879184449","2.68657670811335","2.66537854781913","","","",
"Namibia","NAM","Hospital beds (per 1,000 people)","SH.MED.BEDS.ZS","","","","","","","","","","","","","","","","","","","","","","","","","","","","","","","","","","","","","","","","","","","","","","","","","","2.7","","","","","","","","","","","","","","","","",
"New Caledonia","NCL","Hospital beds (per 1,000 people)","SH.MED.BEDS.ZS","","","","","","","","","","","","","","","","","","","","","","","","","","","","","","","","","","","","","","","","","","","","","","","","","","","","","","","","","","","","","","","","","","",
"Niger","NER","Hospital beds (per 1,000 people)","SH.MED.BEDS.ZS","0.409490883350372","","","","","","","","","","0.494700014591217","","","","","0.495299994945526","","","","","","","","","","","","0.543900012969971","","","","","","","0.194600001","0.1199999973","0.1199999973","0.1800000072","0.1199999973","","","","","","","","","","","","","","0.44","0.32","0.29","0.26","0.3","0.18","0.24","0.29","0.28","","","","","",
"Nigeria","NGA","Hospital beds (per 1,000 people)","SH.MED.BEDS.ZS","0.418167114257813","","","","","","","","","","0.559800028800964","","","","","0.555800020694733","","","","","0.866199970245361","","","","","","","","6.37029981613159","","1.668200016","","","","","","","","","","","","","","0.5","","","","","","","","","","","","","","","","","","","","","",
"Nicaragua","NIC","Hospital beds (per 1,000 people)","SH.MED.BEDS.ZS","2.15823602676392","","","","","","","","","","2.28029990196228","","","","","2.41190004348755","","","","","","","","","","2.40599989891052","","","","1.82690000534058","1.8213000298","","","1.7999999523","","","1.4800000191","","","","","","","","","0.83","0.8","0.9","0.89","0.9","0.9","0.92","0.91","0.95","0.96","0.92","0.91","0.92","0.95","0.98","0.97","0.92","0.97","","","",
"Netherlands","NLD","Hospital beds (per 1,000 people)","SH.MED.BEDS.ZS","","","","","","","","","","","","","","","","","","","","","","","","","","","","","","","5.8000001907","5.6999998093","5.6999998093","5.5999999046","5.4000000954","5.3000001907","5.1999998093","5.1999998093","5.0999999046","5","4.88","4.71","4.65","4.45","4.46","4.4","4.36","4.25","4.21","4.17","4.08","3.94","3.74","3.66","3.51","3.46","3.38","3.24","3.15","2.99","2.88","2.92","2.42","","","",
"Norway","NOR","Hospital beds (per 1,000 people)","SH.MED.BEDS.ZS","","","","","","","","","","","","","","","","","","","","","","","","","","","5.90000009536743","5.69999980926514","5.30000019073486","4.80000019073486","4.5999999046","4.4000000954","4.3000001907","4.1999998093","4.0999999046","4","4","4","4","3.9000000954","3.8","3.82","4.99","4.99","5.25","5.16","5.03","4.86","4.64","4.52","4.3","4.2","3.97","3.86","3.84","3.76","3.68","3.6","3.52","3.48","3.4","3.4","3.35","3.3","","",
"Nepal","NPL","Hospital beds (per 1,000 people)","SH.MED.BEDS.ZS","0.115763798356056","","","","","","","","","","0.135299995541573","","","","","0.137700006365776","","","","","0.175600007176399","","","","","0.18019999563694","","0.226999998092651","0.239800006151199","0.244299992918968","0.243599996","0.2372000068","0.2425999939","0.2387000024","0.2322999984","0.1700000018","0.1599999964","0.1700000018","","0.200000003","","0.21","0.21","0.2","0.2","0.26","0.26","0.26","0.26","0.26","0.25","0.26","0.26","0.26","0.27","0.25","0.28","0.29","0.29","0.29","0.28","0.39","0.53","0.54","","",
"Naoero","NRU","Hospital beds (per 1,000 people)","SH.MED.BEDS.ZS","","","","","","","","","","","","","","","","","","","","","","","","","","","","","","","","","","","","","","","","","","","","","","","","","","","4.97","","","","","","","","","","","","","","","",
"New Zealand","NZL","Hospital beds (per 1,000 people)","SH.MED.BEDS.ZS","11.6999998092651","","","","","","","","","","10.8000001907349","","","","","","","","","","10.1999998092651","","","","","9.5","","","","","8.5","7.4000000954","7.0999999046","6.5","6.6999998093","6.1999998093","6.0999999046","6.0999999046","6.1999998093","","","","","","","","","","","2.41","2.75","2.82","2.83","2.78","2.74","2.7","2.72","2.7","2.59","2.54","2.5","2.67","2.57","2.51","","",
"OECD members","OED","Hospital beds (per 1,000 people)","SH.MED.BEDS.ZS","8.56144567428648","","","","","","","","","","8.66104062769671","","","","","","","","","","7.55321658438481","","","","","7.97787228068171","","","","","5.55549863795062","5.79007453717331","5.5197467645565","6.39298766648917","6.52796173708519","6.30828237731322","6.00105747312923","6.06859304992182","5.95376966157742","5.84430833330787","5.77659828889298","5.69303219216458","5.43427382891498","5.38638613679746","5.31744874359578","5.24755426088397","5.19783166931606","5.1889734101232","5.12441747890435","5.06112654356944","4.89056103783204","4.83797788995543","4.82360236436608","4.78748349163971","4.76493534468833","4.71126518563159","4.69031780853098","4.70377768519307","4.66373496987322","4.60042683409589","4.5708897170673","4.66491027545174","4.61986205556494","","","",
"Oman","OMN","Hospital beds (per 1,000 people)","SH.MED.BEDS.ZS","0.33512544631958","","","","","","","","","","","","","","","","","","","","1.62030005455017","1.60759997367859","","","","","","","","2.50720000267029","2.1087999344","","","","","","","","2.2000000477","","1.99","1.94","1.91","1.9","1.86","1.85","1.81","1.77","1.75","1.73","1.7","1.52","1.31","1.26","1.22","1.19","1.15","1.11","1.09","1.1","1.16","1.15","1.05","0.99","","",
"Other small states","OSS","Hospital beds (per 1,000 people)","SH.MED.BEDS.ZS","","","","","","","","","","","","","","","","","","","","","","","","","","","","","","","","","","","","","","","","","","","","","","","3.65976428927629","","","","2.95949398689842","","3.19271895320321","2.92464470968735","3.03319808640579","2.79464486733755","3.14988323323408","2.77411419375072","2.75617410645325","3.0214925692033","3.02475841451989","","","","","",
"Pakistan","PAK","Hospital beds (per 1,000 people)","SH.MED.BEDS.ZS","0.55726158618927","","","","","","","","","","0.520799994468689","","","","","0.526300013065338","","","","","0.573099970817566","0.5692999958992","","","","","0.599500000476837","","","0.604300022125244","0.6399999857","0.6521999836","0.6446999907","0.6514999866","","","","","","","0.49","0.5","0.49","0.48","0.48","0.47","0.46","0.46","0.44","0.43","0.42","0.43","0.45","0.47","0.47","0.46","0.49","0.5","0.5","0.5","0.63","","","","","",
"Panama","PAN","Hospital beds (per 1,000 people)","SH.MED.BEDS.ZS","3.775310754776","","","","","","","","","","2.97410011291504","","","","","3.38170003890991","","","","","","","","","","3.35330009460449","","","","","2.5","","","2.7000000477","","","2.2100000381","","","","2.31","2.23","2.19","2.16","2.1","1.99","2.06","2.09","2.2","2.27","2.13","2.07","2.12","2.13","2.05","2.09","2.06","2.15","1.96","1.94","1.92","2.18","2.07","1.95","","",
"Peru","PER","Hospital beds (per 1,000 people)","SH.MED.BEDS.ZS","2.41143894195557","","","","","","","","","","2.17280006408691","","","","","2.5","","","","","","","","","","1.68449997901917","","","","","1.4132000208","","1.5","1.2999999523","1.3571000099","","1.4700000286","","","","","","","","","","","","","","","1.55","1.55","1.55","1.6","1.6","1.64","1.63","1.61","1.6","1.67","1.63","1.59","1.56","","",
"Philippines","PHL","Hospital beds (per 1,000 people)","SH.MED.BEDS.ZS","0.838957667350769","","","","","","","","","","1.18980002403259","","","","","1.70949995517731","1.70940005779266","","","","1.708899974823","","1.71350002288818","1.7146999835968","1.71529996395111","1.75569999217987","1.71420001983643","","","","1.3918999434","1.2745000124","1.3701000214","1.0710999966","","","","","","","0.99","0.98","1.03","1","0.95","0.98","1.03","1.02","1.52","1.02","1.02","1.04","1.01","0.95","0.92","0.93","1.03","0.98","0.94","0.98","0.99","0.97","","","","",
"Palau","PLW","Hospital beds (per 1,000 people)","SH.MED.BEDS.ZS","","","","","","","","","","","","","","","","","","","","","","","","","","","","","","","","","","","","","","","4.4","","","","","","","","","","","","4.34","","","","","","","","","","","","","","","",
"Papua New Guinea","PNG","Hospital beds (per 1,000 people)","SH.MED.BEDS.ZS","","","","","","","","","","","6.6023998260498","","","","","4.94320011138916","","","","","5.54440021514893","","","","4.99830007553101","4.73540019989014","","","","3.32990002632141","4.0241999626","","","","","","","","","","","","","","","","","","","","","","","","","","","","","0.17","","","","0.62","","",
"Poland","POL","Hospital beds (per 1,000 people)","SH.MED.BEDS.ZS","4.59999990463257","","","","","","","","","","5.19999980926514","","","","","","","","","","5.59999990463257","","","","","5.69999980926514","","","","","5.6999998093","5.6999998093","5.5999999046","5.5999999046","5.5999999046","5.5","5.5","5.4000000954","5.3000001907","5.0999999046","","","","6.68","6.67","6.53","6.48","6.44","6.64","6.68","6.6","6.6","6.6","6.57","6.58","6.59","6.59","6.58","6.49","6.13","6.15","6.22","6.04","","","",
"Pre-demographic dividend","PRE","Hospital beds (per 1,000 people)","SH.MED.BEDS.ZS","1.42118204665995","","","","","","","","","","1.36968159791528","","","","","","","","","","","","","","","","","","","","1.32611678310094","","","","","","","","","","","","","","","","","","","","","","","","","","","","","","","","","","","",
"Puerto Rico (US)","PRI","Hospital beds (per 1,000 people)","SH.MED.BEDS.ZS","","","","","","","","","","","","","","","","","","","","","","","","","","","","","","","","","","","","","3.3199999332","","","","","","","","","","","","","","","","","","","","","","","","","","","","","",
"Korea, Dem. People's Rep.","PRK","Hospital beds (per 1,000 people)","SH.MED.BEDS.ZS","","","","","","","","","","","","","","","","","","","","","","","","","","","","","","","","","","","","","","","","","","","","","","","","","","","14.3","","13.2","","","","","","12.8","","","","","","","",
"Portugal","PRT","Hospital beds (per 1,000 people)","SH.MED.BEDS.ZS","","","","","","","","","","","","","","","","","","","","","","","","","","4","4","4","4","4.09999990463257","4.0999999046","4.0999999046","4","3.9000000954","3.9000000954","3.9000000954","4","3.9000000954","3.9000000954","3.7999999523","3.71","3.65","3.57","3.58","3.59","3.56","3.48","3.43","3.39","3.37","3.37","3.37","3.41","3.39","3.32","3.36","3.39","3.38","3.43","3.49","3.47","3.49","3.48","","","",
"Paraguay","PRY","Hospital beds (per 1,000 people)","SH.MED.BEDS.ZS","2.38925075531006","","","","","","","","","","1.62940001487732","","","","","1.68299996852875","","","","","","","","","","","","","","1.32009994983673","0.9322000146","","","1.2999999523","0.6008999944","","1.3400000334","","","","0.79","0.78","0.83","0.81","0.78","0.82","0.81","0.8","0.82","0.82","0.84","0.83","0.85","0.87","0.89","0.85","0.89","0.89","0.9","0.91","1.01","1.13","1.04","","","",
"West Bank and Gaza","PSE","Hospital beds (per 1,000 people)","SH.MED.BEDS.ZS","","","","","","","","","","","","","","","","","","","","","","","","","","","","","","","","","","","","","1.2000000477","","","","1.19","1.37","1.38","1.25","1.25","1.3","1.34","1.34","1.28","2.19","1.3","1.3","1.3","1.25","1.31","1.28","1.28","1.32","1.33","1.29","1.28","1.49","1.3","","","",
"Pacific island small states","PSS","Hospital beds (per 1,000 people)","SH.MED.BEDS.ZS","4.83677284229281","","","","","","","","","","4.95749501737378","","","","","","","","","","3.61615406149852","3.71820079423382","","","","","","","","","","","","","","","","","","","","","","","","","","","","","","","","","","","","","","","","","","","","",
"Post-demographic dividend","PST","Hospital beds (per 1,000 people)","SH.MED.BEDS.ZS","9.28660769621782","","","","","","","","","","9.43708323609538","","","","","","","","","","8.97160852990348","","","","","8.68506208289221","","","","","7.02554007089344","7.03980681898165","6.74024570724788","7.7629767189143","7.74286752880519","7.48966635668071","7.28144512401211","7.08807686669727","6.92119929672532","6.77896811361307","6.49745354574436","6.41010327143097","6.32752435099687","6.22295515945537","6.139244615663","6.07334973175667","6.01174325170847","6.01691600259356","5.92246590166985","5.8854908001589","5.83205996497754","5.7622872928075","5.7497121052265","5.70165245708475","5.62755396509892","5.56105830690676","5.51772312550085","5.55195307192053","5.50961950871274","5.44694422319246","5.39806670115645","5.35139928392883","5.32372143020933","","","",
"French Polynesia","PYF","Hospital beds (per 1,000 people)","SH.MED.BEDS.ZS","","","","","","","","","","","","","","","","","","","","","","","","","","","","","","","","","","","","","","","","","","","","","","","","","","","","","","","","","","","","","","","","","","",
"Qatar","QAT","Hospital beds (per 1,000 people)","SH.MED.BEDS.ZS","","","","","","","","","","","5.5314998626709","","","","","","","","","","","2.93959999084473","","","","","","","","2.30029988288879","","","","","","","","1.6499999762","","","2.08","2.12","2.05","1.97","2","2.01","2.2","1.68","1.43","1.27","1.22","1.22","1.31","1.18","1.08","1.01","1.01","0.94","1.03","1.12","","1.3","1.25","","","",
"Romania","ROU","Hospital beds (per 1,000 people)","SH.MED.BEDS.ZS","7.27327060699463","","","","","","","","","","","","","","","","","","","","8.77620029449463","8.7750997543335","8.81070041656494","","8.89579963684082","8.94040012359619","8.94659996032715","8.95020008087158","8.94219970703125","8.93710041046143","8.9198999405","8.9221000671","7.8621001244","7.8699002266","7.6944999695","7.6399998665","7.5599999428","7.3800001144","7.3099999428","7.3099999428","7.83","7.91","7.68","6.79","6.83","6.91","6.92","6.75","6.82","6.91","6.59","6.46","6.56","6.65","6.69","6.77","6.81","6.86","6.92","7.01","7.07","7.16","7.23","","","",
"Russian Federation","RUS","Hospital beds (per 1,000 people)","SH.MED.BEDS.ZS","","","","","","","","","","","","","","","","","","","","","","","","","","12.9815998077393","13.0462999343872","13.117600440979","13.1752004623413","13.1862001419067","13.0552997589","12.7019996643","12.2342996597","12.1958999634","11.9611997604","11.8699998856","11.6300001144","11.3400001526","11.1099996567","10.8500003815","10.73","10.66","10.49","10.34","9.79","9.64","9.55","9.39","9.12","8.89","8.69","8.51","8.33","8.08","7.85","7.55","7.37","7.21","7.14","7.03","7.05","6.99","6.84","6.81","","",
"Rwanda","RWA","Hospital beds (per 1,000 people)","SH.MED.BEDS.ZS","","","","","","","","","","","1.25399994850159","","","","","1.24259996414185","","","","","1.52799999713898","1.47809994220734","","","","","","","","0.867900013923645","1.6519999504","","","","","","","","","","","","","","","","","","0.6","0.75","0.74","0.72","0.71","0.77","0.71","0.74","0.73","0.72","0.73","0.73","0.74","0.74","0.73","0.75","","",
"South Asia","SAS","Hospital beds (per 1,000 people)","SH.MED.BEDS.ZS","0.508169996338054","","","","","","","","","","0.593198906337856","","","","","0.636647060805794","","","","","0.737794607075037","0.749125093753669","","","","0.703434175139561","","0.707362448015588","","","","0.722633861460423","","","","","","","","","2.14450041825594","2.06418951013126","2.02370940423093","1.99803067765181","1.96538898849382","1.93149207544502","1.90721521430714","1.71622367568094","1.70049621329772","1.69028830023246","1.67060224123305","1.65393932529387","1.63804567807538","1.61818729721847","1.60451228487209","1.60463686034483","1.59156502023831","1.58077913873102","1.56855712248089","1.55355777984843","1.55244759679506","1.53532513069563","","","","",
"Saudi Arabia","SAU","Hospital beds (per 1,000 people)","SH.MED.BEDS.ZS","0.774723947048187","","","","","","","","","","1.1813999414444","","","","","","","","","","","1.45819997787476","","","","","","","","","2.4964001179","","","","","","","2.2999999523","","","","","2.63","2.62","2.6","2.59","2.49","2.39","2.31","2.31","2.31","2.25","2.26","2.31","2.34","2.32","2.31","2.37","2.48","2.53","2.54","2.46","2.44","2.41","","",
"Sudan","SDN","Hospital beds (per 1,000 people)","SH.MED.BEDS.ZS","1.00650095939636","","","","","","","","","","1.04260003566742","","","","","0.9932000041008","","","","","0.890699982643127","0.870199978351593","","","","","","","","","1.0880000591","","","","","","","","","","0.81","0.74","0.73","0.73","0.71","0.72","0.73","0.73","0.73","0.73","0.72","0.84","0.82","0.82","0.8","0.67","0.67","0.74","0.66","0.66","0.66","0.66","","","","",
"Senegal","SEN","Hospital beds (per 1,000 people)","SH.MED.BEDS.ZS","1.31314718723297","","","","","","","","","","1.29849994182587","","","","","1.29009997844696","","","","","","","","","","","","","","0.523999989032745","0.7296000123","","","","0.2475000024","","0.4499999881","","0.400000006","","","","","","","","","","","","","","","","","0.68","0.72","","","0.71","","","","","","",
"Singapore","SGP","Hospital beds (per 1,000 people)","SH.MED.BEDS.ZS","4.39246654510498","","","","","","","","","","3.69829988479614","","","","","3.33330011367798","","","","","3.95650005340576","3.90799999237061","","","","","","","","","3.6078000069","3.5471999645","3.4514000416","3.6426999569","3.5652000904","","","","","","","","","","","","2.51","2.4","2.31","2.26","2.19","2.14","2.19","2.19","2.25","2.4","2.5","2.49","2.58","2.69","2.77","2.84","2.83","2.81","","",
"Solomon Islands","SLB","Hospital beds (per 1,000 people)","SH.MED.BEDS.ZS","7.33050870895386","","","","","","","","","","7.34159994125366","","","","","","","","","","","5.68289995193481","","","","","","","","","0.8281000257","","2.7481000423","","","","","","","","","","","","","","","","","","","","","","","","","","","","","","","","","",
"Sierra Leone","SLE","Hospital beds (per 1,000 people)","SH.MED.BEDS.ZS","0.772869229316711","","","","","","","","","","0.925499975681305","","","","","0.906899988651276","","","","","1.21449995040894","","","","","","","","","","","","","","","","","","","","","","","","","","0.4","","","","","","","","","","","","","","","","","","","",
"El Salvador","SLV","Hospital beds (per 1,000 people)","SH.MED.BEDS.ZS","2.18347549438477","","","","","","","","","","1.90240001678467","","","","","1.98500001430511","","","","","","","","","","","","","","","1.4710999727","","","1.5","","","1.6499999762","","","","","","","","","","","","","","","1.05","1.09","1.09","1.38","1.04","1.08","1.07","1.08","1.07","1.09","1.17","1.2","1.21","","",
"San Marino","SMR","Hospital beds (per 1,000 people)","SH.MED.BEDS.ZS","","","","","","","","","","","","","","","","","","","","","6.67199993133545","","","","6.82000017166138","6.76800012588501","6.69999980926514","6.65899991989136","7.65700006484985","7.44500017166138","7.1599998474","","","","","","","","","","","","","","","","","","","","","3.51","3.37","3.36","3.35","","","","","","","","","","","",
"Somalia, Fed. Rep.","SOM","Hospital beds (per 1,000 people)","SH.MED.BEDS.ZS","1.35531914234161","","","","","","","","","","1.35570001602173","","","","","1.42200005054474","","","","","","","","","","","","","0.906300008296967","","0.7534999847","","","","","","","0.400000006","","","0.42","0.42","0.42","0.42","0.42","","","","","","","0.87","","0.87","0.87","0.87","0.87","0.87","0.87","0.87","","","","","","",
"Serbia","SRB","Hospital beds (per 1,000 people)","SH.MED.BEDS.ZS","","","","","","","","","","","","","","","","","","","","","","","","","","","","","","","","","","","","","","","","","","","","","","","5.47","5.27","5.26","5.28","5.31","5.33","5.35","5.41","5.45","5.52","5.54","5.57","5.61","5.67","5.69","5.76","5.78","","","",
"Sub-Saharan Africa (excluding high income)","SSA","Hospital beds (per 1,000 people)","SH.MED.BEDS.ZS","1.40360312251889","","","","","","","","","","1.36192616553684","","","","","1.28010247613937","","","","","","","","","","","","","","","1.21253295077056","","","","","","","","","","","","","","","","","","","","","","","","","","","","","","","","","","","",
"South Sudan","SSD","Hospital beds (per 1,000 people)","SH.MED.BEDS.ZS","","","","","","","","","","","","","","","","","","","","","","","","","","","","","","","","","","","","","","","","","","","","","","","","","","","","","","","","","","","","","","","","","","",
"Sub-Saharan Africa","SSF","Hospital beds (per 1,000 people)","SH.MED.BEDS.ZS","1.40477096314068","","","","","","","","","","1.36302128417274","","","","","1.28103025383725","","","","","","","","","","","","","","","1.21253295077056","","","","","","","","","","","","","","","","","","","","","","","","","","","","","","","","","","","",
"Small states","SST","Hospital beds (per 1,000 people)","SH.MED.BEDS.ZS","","","","","","","","","","","","","","","","","","","","","","","","","","","","","","","","","","","","","","","","","","","","","","","","","","","2.83079221228967","","","2.78653693375622","2.87371223433693","2.69371129569976","2.90785256141534","2.66574738572261","2.70322832215026","2.90250512616929","","","","","","",
"Sao Tome and Principe","STP","Hospital beds (per 1,000 people)","SH.MED.BEDS.ZS","40.3154563903809","","","","","","","","","","26.7122993469238","","","","","","","","","","","","","","","","","","","","","4.7372999191","","","","","","","","","","","","","","","","","","","","","","","","","","","","2.91","","","","","","",
"Suriname","SUR","Hospital beds (per 1,000 people)","SH.MED.BEDS.ZS","6.51034498214722","","","","","","","","","","5.6774001121521","","","","","","","","","","8.92679977416992","","","","","","","","","","5.6999998093","","","","","3.1","3.7400000095","","","","","","","","","","","","","","2.97","3.03","2.99","2.96","2.93","2.9","2.8","2.83","2.85","2.69","2.87","2.82","2.87","","","",
"Slovak Republic","SVK","Hospital beds (per 1,000 people)","SH.MED.BEDS.ZS","","","","","","","","","","","","","","","","","","","","","","","","","","8.95471","8.94222","8.95051","8.81316","8.81631","7.4482002258","7.5778999329","7.5609002113","7.8740000725","7.0992999077","","8.3000001907","8.1000003815","8","8","7.87","7.67","7.57","7.24","6.91","6.78","6.73","6.78","6.59","6.55","6.46","6.05","5.91","5.81","5.79","5.75","5.79","5.82","5.7","5.76","5.69","5.68","5.65","5.57","","",
"Slovenia","SVN","Hospital beds (per 1,000 people)","SH.MED.BEDS.ZS","","","","","","","","","","","","","","","","","","","","","6.95260000228882","","6.67950010299683","","6.50099992752075","6.32609987258911","6.26789999008179","6.2153000831604","6.13800001144409","6.06339979171753","6.0408000946","6.011300087","5.9369997978","5.8007001877","5.7768998146","5.75","5.6599998474","5.6700000763","5.6199998856","5.5500001907","5.41","5.17","5.09","4.97","4.81","4.84","4.78","4.67","4.73","4.61","4.58","4.63","4.55","4.56","4.55","4.52","4.5","4.51","4.44","4.44","4.28","4.24","4.11","","","",
"Sweden","SWE","Hospital beds (per 1,000 people)","SH.MED.BEDS.ZS","14.1999998092651","","","","","","","","","","15.3000001907349","","","","","","","","","","15.1000003814697","","","","","14.6000003814697","","","","","12.3999996185","11.8999996185","7.5999999046","7","6.5","4.9000000954","4.4000000954","5.2","3.7999999523","3.7000000477","3.58","3.27","3.13","3.05","3.01","2.93","2.89","2.86","2.81","2.76","2.73","2.7","2.66","2.59","2.54","2.44","2.34","2.21","2.13","2.07","2.05","2","1.9","","","",
"Eswatini","SWZ","Hospital beds (per 1,000 people)","SH.MED.BEDS.ZS","1.94478523731232","","","","","","","","","","3.37470006942749","","","","","","","","","","","","","","","","","","","","","","","","","","","","","","","","","","","","","","","","","","","2.02","","","","","","","","","","","","",
"Sint Maarten (Dutch part)","SXM","Hospital beds (per 1,000 people)","SH.MED.BEDS.ZS","","","","","","","","","","","","","","","","","","","","","","","","","","","","","","","","","","","","","","","","","","","","","","","","","","","","","","","","","","","","","","","","","","",
"Seychelles","SYC","Hospital beds (per 1,000 people)","SH.MED.BEDS.ZS","7.09832143783569","","","","","","","","","","6.49249982833862","","","","","4.94969987869263","","","","","","","","","","4.82200002670288","","","","6.28329992294312","","","","","","","","","","","","","","4.81","4.72","4.58","4.61","4.38","3.68","3.51","3.47","3.25","3.08","2.96","2.89","2.82","2.75","2.69","2.9","2.88","2.8","2.74","2.68","2.63","","",
"Syrian Arab Republic","SYR","Hospital beds (per 1,000 people)","SH.MED.BEDS.ZS","1.07673752307892","","","","","","","","","","0.993399977684021","","","","","1","","","","","1.10450005531311","1.14579999446869","","","","","","","","","1.0865000486","","","","","","1.5","","1.5","1.3999999762","1.4","1.4","1.38","1.49","1.49","1.28","1.47","1.47","1.54","1.51","1.54","1.55","1.53","1.52","1.5","1.47","1.46","1.4","1.26","1.26","1.39","1.43","","","","",
"Turks and Caicos Islands","TCA","Hospital beds (per 1,000 people)","SH.MED.BEDS.ZS","","","","","","","","","","","","","","","","","","","","","","","","","","","","","","","","","","","","","","","","","","","","","","","","","","","","","","","","","","","","","","","","","","",
"Chad","TCD","Hospital beds (per 1,000 people)","SH.MED.BEDS.ZS","0.697454333305359","","","","","","","","","","1.30999994277954","","","","","","","","","","","","","","","","","","","","","0.7200999856","","","","","","","","","","","","","","","","","","","","","","","","0.47","","0.44","","","0.15","","","","","",
"East Asia & Pacific (IDA & IBRD countries)","TEA","Hospital beds (per 1,000 people)","SH.MED.BEDS.ZS","","","","","","1.44000005722046","1.51999998092651","1.5","1.45000004768372","1.45000004768372","1.43899604922167","1.58000004291534","1.71000003814697","1.76999998092651","1.85000002384186","1.77908471560629","1.98710902135848","2.0699999332428","2.14000010490417","2.20000004768372","2.22252404248615","2.29376795967356","2.23384637024181","2.26208045021849","2.30811660969313","2.11823066911057","2.36542115183934","2.47996895424201","2.53728791993893","2.35198661774478","2.27539782921841","2.26960648588031","2.27519549185209","2.28847233335513","2.34643698127061","2.57228810446706","2.54090834587836","2.49991978104932","2.25105302091186","2.50488486179044","1.55009253918126","1.53391611285081","1.55475820286567","1.55095225004277","1.59902310854714","1.62811720398411","1.68772024835429","1.75025601452302","1.86117948701006","1.950917224657","2.08350030301726","2.25817782339998","2.50838253312599","2.70345828799144","2.88429587664921","3.04855552822148","3.22522421045267","3.42509733546169","3.64476500013888","3.82077740554924","3.99853556998185","4.22110167099291","4.56788522292987","4.73070700615744","","",
"Europe & Central Asia (IDA & IBRD countries)","TEC","Hospital beds (per 1,000 people)","SH.MED.BEDS.ZS","","","","","","","","","","","","","","","","","","","","","","","","","","10.1205133632675","10.6207603120936","10.6517803368488","10.6827968590274","10.7011364382705","10.2320755479228","10.0046546480776","9.77211073406568","9.60934623739347","9.33324559268769","9.12171897389473","8.75241720254238","8.26258663612391","7.96319635281085","7.7451742092395","8.87204850688516","8.77525001800738","7.5674957257209","7.35797378134704","7.11341155702081","7.03892656222088","6.96465769554316","6.86816758681888","6.78276247953883","6.77007884522986","6.63533996898763","6.47702888582194","6.38100250644764","6.24156636636854","6.00927117267386","5.87784425235064","5.77218731403813","5.7059460403677","5.68803472934858","5.597083447744","5.69651267847657","5.60184248907853","5.61038350330272","5.37330378592921","","",
"Togo","TGO","Hospital beds (per 1,000 people)","SH.MED.BEDS.ZS","1.26509189605713","","","","","","","","","","1.5333000421524","","","","","1.43990004062653","","","","","","","","","","","","","","","1.5111000538","","","","","","","","","","","","0.92","0.81","0.78","0.7","0.84","0.64","0.62","0.63","0.57","0.56","0.63","0.62","0.61","0.64","0.65","0.64","0.63","0.56","0.37","0.41","0.33","","","",
"Thailand","THA","Hospital beds (per 1,000 people)","SH.MED.BEDS.ZS","0.740034878253937","","","","","","","","","","1.13730001449585","","","","","1.11189997196198","","","","","1.53509998321533","","","","","","","","","","1.6325999498","1.6612999439","1.7066999674","","","1.9900000095","","","","2.2000000477","2.16","2.16","2.09","2.08","2.04","2.01","2.02","2.07","1.86","1.73","1.96","2.09","2.12","2.17","2.14","2.13","2","2.12","2.1","2.21","2.32","2.34","2.39","2.39","","",
"Tajikistan","TJK","Hospital beds (per 1,000 people)","SH.MED.BEDS.ZS","","","","","","","","","","","","","","","","","","","","","","","","","","10.6448001861572","10.6449003219604","10.6555995941162","10.6742000579834","10.6297998428345","10.6618003845","10.9629001617","11.2423000336","10.6812000275","8.9413003922","8.1999998093","7.4699997902","7.2199997902","6.9099998474","6.8000001907","6.44","6.3","6.19","6.04","5.97","5.86","5.72","5.4","5.27","5.16","4.99","4.88","4.76","4.7","4.59","4.52","4.49","4.41","4.34","4.26","4.26","4.22","4.22","4.04","","",
"Turkmenistan","TKM","Hospital beds (per 1,000 people)","SH.MED.BEDS.ZS","","","","","","","","","","","","","","","","","","","","","10.4604997634888","","","","","10.6680002212524","11.122200012207","11.1049995422363","11.1293001174927","11.1934003829956","11.4849996567","11.5550003052","11.4153003693","11.678899765","11.470700264","10.2600002289","8.0100002289","7.1100001335","","","5.21","5.31","5.19","5.08","4.92","4.21","4.13","3.85","3.8","3.77","3.71","3.65","3.53","3.47","3.52","3.94","3.88","3.86","3.82","3.73","3.68","3.6","","","","",
"Latin America & the Caribbean (IDA & IBRD countries)","TLA","Hospital beds (per 1,000 people)","SH.MED.BEDS.ZS","3.38839040993062","","","","","","","","","","3.42197576798747","","","","","","","","","","","","","","","","","","","","2.4188072304072","","","2.48346196416007","","","2.18899898372198","","","","","","","","","","","1.84596086901269","1.90027034931552","1.87794751054118","1.83909356036344","1.9272185684197","1.98276298085147","2.00935864739137","1.93642087980521","1.90522168754176","1.9396180898235","1.89831559821024","1.84980449502369","1.82920760839514","1.87684903048995","1.95926561801309","","","","",
"Timor-Leste","TLS","Hospital beds (per 1,000 people)","SH.MED.BEDS.ZS","","","","","","","","","","","","","","","","","","","","","","","","","","","","","","","","","","","","","","","","","","","","","","","","","","","0.44","","","","","0.39","","0.42","0.42","0.41","0.4","0.39","0.39","0.38","","",
"Middle East, North Africa, Afghanistan & Pakistan (IDA & IBRD)","TMN","Hospital beds (per 1,000 people)","SH.MED.BEDS.ZS","1.36184413230964","","","","","","","","","","1.3831576125153","","","","","","","","","","1.25794327627539","1.24786128464796","","","","","","","","","1.33491616519581","","","","","","","","","","1.14763728874505","1.2116965099953","1.21369084122062","1.21990105767577","1.22855114485059","1.15543620739657","1.21099494061604","1.13215237944568","1.10982224486379","1.07026935440926","1.06959270000408","0.987018220803481","1.04725635538016","1.05244586476166","1.0549814584242","1.0640774446379","1.08073162557518","1.06089689927111","1.01165064356622","0.979973249476553","0.882696032925841","","","","","",
"Tonga","TON","Hospital beds (per 1,000 people)","SH.MED.BEDS.ZS","2.5","","","","","","","","","","2.59299993515015","","","","","","","","","","3.44679999351501","3.53940010070801","","","","","","","","","","","","","","","","","","","","","","","","","","","","","2.48","","","","","","","","","","","","","","","",
"South Asia (IDA & IBRD)","TSA","Hospital beds (per 1,000 people)","SH.MED.BEDS.ZS","0.508169996338054","","","","","","","","","","0.593198906337856","","","","","0.636647060805794","","","","","0.737794607075037","0.749125093753669","","","","0.703434175139561","","0.707362448015588","","","","0.722633861460423","","","","","","","","","2.14450041825594","2.06418951013126","2.02370940423093","1.99803067765181","1.96538898849382","1.93149207544502","1.90721521430714","1.71622367568094","1.70049621329772","1.69028830023246","1.67060224123305","1.65393932529387","1.63804567807538","1.61818729721847","1.60451228487209","1.60463686034483","1.59156502023831","1.58077913873102","1.56855712248089","1.55355777984843","1.55244759679506","1.53532513069563","","","","",
"Sub-Saharan Africa (IDA & IBRD countries)","TSS","Hospital beds (per 1,000 people)","SH.MED.BEDS.ZS","1.40477096314068","","","","","","","","","","1.36302128417274","","","","","1.28103025383725","","","","","","","","","","","","","","","1.21253295077056","","","","","","","","","","","","","","","","","","","","","","","","","","","","","","","","","","","",
"Trinidad and Tobago","TTO","Hospital beds (per 1,000 people)","SH.MED.BEDS.ZS","5.58956098556519","","","","","","","","","","4.94339990615845","","","","","4.98519992828369","","","","","","","","","","","5.03730010986328","","","","4","","","3.2425999641","","3.8","5.1100001335","","","","","","","","","","","","","","2.05","","2.6","2.58","2.85","2.43","2.46","2.47","2.44","1.95","1.97","1.65","1.96","2.37","","",
"Tunisia","TUN","Hospital beds (per 1,000 people)","SH.MED.BEDS.ZS","2.4676616191864","","","","","","","","","","2.44429993629456","","","","","2.5","","","","","2.12579989433289","","","","","","","","","1.96570003032684","1.9167000055","2.0123000145","2.8573000431","","1.761500001","","2","1.7000000477","","","1.71","","1.67","1.67","1.72","1.72","1.74","1.72","1.78","1.8","1.82","1.8","1.79","1.81","1.79","1.8","1.79","1.81","1.82","1.82","2.42","2.46","","1.82","","",
"Turkiye","TUR","Hospital beds (per 1,000 people)","SH.MED.BEDS.ZS","1.70000004768372","","","","","1.79999995231628","","","","","2","","","","","2","","","","","2.20000004768372","","","","","2.09999990463257","2.09999990463257","2.09999990463257","2.09999990463257","2.09999990463257","2.4000000954","2.4000000954","2.4000000954","2.5","2.5","2.5","2.5","2.5","2.5","2.5999999046","","","2.45","2.44","2.43","2.47","2.49","2.52","2.56","2.6","2.73","2.62","2.66","2.64","2.65","2.62","2.67","2.72","2.75","2.78","2.92","2.94","3.01","3.05","","",
"Tuvalu","TUV","Hospital beds (per 1,000 people)","SH.MED.BEDS.ZS","","","","","","","","","","","","","","","","","","","","","","","","","","","","","","","","","","","","","","","","","","4.16","","","","","","","","","","","","","","","","","","","","","","","","",
"Tanzania","TZA","Hospital beds (per 1,000 people)","SH.MED.BEDS.ZS","1.49044585227966","","","","","","","","","","","","","","","","1.43130004405975","","1.4371999502182","","1.39750003814697","","1.36580002307892","","1.30309998989105","","","","1.09039998054504","","1.024600029","","0.8902999759","","","","","","","","","","","","","","","","","0.63","0.74","0.76","","1.01","0.68","","0.46","","0.44","0.62","0.64","0.64","0.84","","","",
"Uganda","UGA","Hospital beds (per 1,000 people)","SH.MED.BEDS.ZS","1.4807984828949","","","","","","","","","","1.55869996547699","","","","","1.64849996566772","","","","","","1.51250004768372","","","","","","","1.3154000043869","","","0.9161999822","","","","","","","","","","","","","","","","","","0.4","0.5","","","","","","","","","","","","","","","",
"Ukraine","UKR","Hospital beds (per 1,000 people)","SH.MED.BEDS.ZS","","","","","","","","","","","","","","","","","","","","","12.143500328064","12.2532997131348","12.3577995300293","12.4448003768921","12.5909996032715","12.6949996948242","12.7875995635986","12.8506002426147","12.9303998947144","13.0064001083374","13.0130996704","12.9690999985","12.7290000916","12.470700264","12.3022003174","11.8900003433","10.8400001526","9.3699998856","9.0399999619","8.9499998093","8.76","8.74","8.77","8.69","8.6","8.56","8.61","8.59","8.61","9.25","9.23","8.9","8.75","8.63","7.31","7.27","6.91","6.8","6.68","6.56","6.15","5.53","6.14","","","",
"Upper middle income","UMC","Hospital beds (per 1,000 people)","SH.MED.BEDS.ZS","","","","","","","","","","","1.8009511986461","","","","","2.07663183012594","","","","","2.78900525012687","","","","","2.80184284732815","","3.23317985642358","","2.94836799666663","2.81811921347018","2.83667507879095","2.80840013690017","2.86518015770264","2.83453844864697","","2.88454330019783","","2.55889565334989","","1.97482153793296","1.94007917957208","1.97307074040738","1.94325254022114","1.94537359936034","1.99671928050663","2.03911662559257","2.10008820803494","2.18746423664085","2.23627223285564","2.32559826822909","2.43871190538239","2.60456093451738","2.75975411467899","2.84016957890915","2.98018848100319","3.09930223940643","3.19342918353169","3.35111947900869","3.49714180255815","3.68826431477176","3.80506904753233","4.1802142504314","4.52451683297847","","",
"Uruguay","URY","Hospital beds (per 1,000 people)","SH.MED.BEDS.ZS","5.5118203163147","","","","","","","","","","5.91270017623901","","","","","5.00180006027222","","","","","","","","","","3.24580001831055","","","","","4.522600174","","","4.5","","","4.3899998665","","","","","","","","","1.05","1","0.99","0.96","1.11","2.61","2.58","2.54","2.54","2.5","2.48","2.51","2.47","2.52","2.5","2.52","2.5","2.51","2.44","","",
"United States","USA","Hospital beds (per 1,000 people)","SH.MED.BEDS.ZS","9.19999980926514","","","","","8.80000019073486","","","","","7.90000009536743","7.5","7.40000009536743","7.19999980926514","7.09999990463257","6.80000019073486","6.59999990463257","6.40000009536743","6.19999980926514","6.09999990463257","6","5.90000009536743","5.90000009536743","5.80000019073486","5.69999980926514","5.5","5.40000009536743","5.19999980926514","5.09999990463257","5","4.9000000954","4.8000001907","4.5999999046","4.5","4.3000001907","4.0999999046","3.9000000954","3.7999999523","3.7000000477","3.5999999046","3.49","3.47","3.4","3.33","3.26","3.2","3.17","3.13","3.12","3.07","3.03","2.94","2.9","2.86","2.79","2.75","2.72","2.8","2.76","2.72","2.71","2.7","2.68","","","",
"Uzbekistan","UZB","Hospital beds (per 1,000 people)","SH.MED.BEDS.ZS","","","","","","","","","","","","","","","","","","","","","9.17630004882813","","","","","11.8341999053955","11.9556999206543","11.9456996917725","12.2161998748779","12.2850999832153","12.48279953","10.9472999573","10.7540998459","9.394200325","8.6632995605","8.3000001907","7.9299998283","6.4800000191","5.5500001907","5.3899998665","5.59","5.58","5.79","5.71","5.49","5.4","5.38","5.13","5","5","4.92","4.85","4.73","4.51","4.33","4.22","4.22","4.26","4.74","4.65","4.77","4.83","4.78","4.89","","",
"St. Vincent and the Grenadines","VCT","Hospital beds (per 1,000 people)","SH.MED.BEDS.ZS","4.82499980926514","","","","","","","","","","4.98859977722168","","","","","","","","","","","","","","","","","","","","4.6999998093","","","5.0152997971","","","1.8500000238","","","","","","","","","","","","","","","2.52","2.42","2.43","2.45","4.43","4.46","","","3.99","4.02","4.26","3.21","","","",
"Venezuela, RB","VEN","Hospital beds (per 1,000 people)","SH.MED.BEDS.ZS","","","","","","","","","","","","","","","0.342999994754791","0.331499993801117","0.342900007963181","","","","0.331900000572205","","0.370400011539459","0.358200013637543","0.37279999256134","2.69309997558594","2.70009994506836","2.59829998016357","2.49959993362427","","2.6779000759","2.6775999069","2.5729999542","2.5999999046","","","1.4700000286","","","","","","","","","","","","","","","0.94","","","0.79","0.75","0.88","0.91","1.09","0.93","0.99","","","","","",
"British Virgin Islands","VGB","Hospital beds (per 1,000 people)","SH.MED.BEDS.ZS","","","","","","","","","","","","","","","","","","","","","","","","","","","","","","","","","","","","","","","","","","","","","","","","","","","","","","","","","","","","","","","","","","",
"Virgin Islands (U.S.)","VIR","Hospital beds (per 1,000 people)","SH.MED.BEDS.ZS","","","","","","","","","","","","","","","","","","","","","","","","","","","","","","","4.8000001907","","","","","","18.6800003052","","","","","","","","","","","","","","","","","","","","","","","","","","","","","",
"Viet Nam","VNM","Hospital beds (per 1,000 people)","SH.MED.BEDS.ZS","","","","","","","","","","","","","","","","","","","","","3.49729990959167","3.69609999656677","","","","","","","","3.30170011520386","3.8329000473","","","","","","","1.6699999571","","","1.43","1.44","1.45","1.47","1.55","1.57","1.6","1.71","1.78","1.9","2.02","2.21","2.27","2.3","2.42","2.51","2.47","2.52","","","","","","","","",
"Vanuatu","VUT","Hospital beds (per 1,000 people)","SH.MED.BEDS.ZS","5.43076944351196","","","","","","","","","","10.7349004745483","","","","","","","","","","6.1793999671936","","","","","","","","","","","","","","","","","","","","","","","","","","","","1.73","","","","","","","","","","","","","","","","","",
"World","WLD","Hospital beds (per 1,000 people)","SH.MED.BEDS.ZS","","","","","","","","","","","3.07468138650197","","","","","2.40091909956545","","","","","3.58992502898021","","","","","4.12237802648181","","","","","3.63095058806994","3.41883975304926","","","","","","","","","3.12878070049944","3.04436321935026","2.99200958495172","2.94711730261393","2.85670002787491","2.87673327705091","2.82348302615978","2.79273512373994","2.74698289243761","2.75684111319507","2.76587128038514","2.74424421709192","2.87418888969754","2.8436547610818","2.86066441718078","2.92684565851095","2.91769887551825","2.9996875065996","3.06687212654766","3.04291249258675","3.13205932808713","3.29430541419327","","","","",
"Samoa","WSM","Hospital beds (per 1,000 people)","SH.MED.BEDS.ZS","5","","","","","","","","","","4.55819988250732","","","","","","","","","","4.4967999458313","4.36399984359741","","","","","","","","","","","","","","","","","","","","","","","","0.95","","","","","","","","","","","","","","","","","","","","",
"Kosovo","XKX","Hospital beds (per 1,000 people)","SH.MED.BEDS.ZS","","","","","","","","","","","","","","","","","","","","","","","","","","","","","","","","","","","","","","","","","","","","","","","","","","","","","","","","","","","","","","","","","","",
"Yemen, Rep.","YEM","Hospital beds (per 1,000 people)","SH.MED.BEDS.ZS","0.454545468091965","","","","","","","","","","0.809700012207031","","","","","0.865499973297119","","","","","","","","","","","","","","","0.8361999989","","","","","","0.6899999976","","0.6000000238","","","","","","","","0.61","0.6","0.59","0.61","0.6","0.59","0.57","0.55","0.54","","","","","","","0.41","0.48","0.46","","",
"South Africa","ZAF","Hospital beds (per 1,000 people)","SH.MED.BEDS.ZS","","","","","","","","","","","","","","","","","","","","","","","","","","","","","","","","","","","","","","","","","","","2.99","","2.78","","","2.34","2.32","","2.25","","","","","","","","","","","","","","","",
"Zambia","ZMB","Hospital beds (per 1,000 people)","SH.MED.BEDS.ZS","2.80165553092957","","","","","","","","","","3.16109991073608","","","","","3.33680009841919","","","","","","3.48219990730286","","","","","","","","","","","","","","","","","","","","","","","","","","","1.9","","2","","","","","","","","","","","","","","","",
"Zimbabwe","ZWE","Hospital beds (per 1,000 people)","SH.MED.BEDS.ZS","3.87664604187012","","","","","","","","","","3.49539995193481","","","","","3.31369996070862","","","","","3.00270009040833","","","","","1.39359998703003","","1.94079995155334","","","0.5105000138","","","","","","","","","","","","","","","","","","","1.81","1.78","1.75","1.86","","1.95","","","","","","","","","","","",
